cod,mut
AY_4_delta_EPI_ISL_7826496_S1_L001,G210T
AY_4_delta_EPI_ISL_7826496_S1_L001,C241T
AY_4_delta_EPI_ISL_7826496_S1_L001,A1964G
AY_4_delta_EPI_ISL_7826496_S1_L001,A2786G
AY_4_delta_EPI_ISL_7826496_S1_L001,C3037T
AY_4_delta_EPI_ISL_7826496_S1_L001,G4181T
AY_4_delta_EPI_ISL_7826496_S1_L001,C4918T
AY_4_delta_EPI_ISL_7826496_S1_L001,C6402T
AY_4_delta_EPI_ISL_7826496_S1_L001,C7124T
AY_4_delta_EPI_ISL_7826496_S1_L001,C7851T
AY_4_delta_EPI_ISL_7826496_S1_L001,C8986T
AY_4_delta_EPI_ISL_7826496_S1_L001,G9053T
AY_4_delta_EPI_ISL_7826496_S1_L001,C10029T
AY_4_delta_EPI_ISL_7826496_S1_L001,A11201G
AY_4_delta_EPI_ISL_7826496_S1_L001,A11332G
AY_4_delta_EPI_ISL_7826496_S1_L001,C14408T
AY_4_delta_EPI_ISL_7826496_S1_L001,A15124G
AY_4_delta_EPI_ISL_7826496_S1_L001,G15451A
AY_4_delta_EPI_ISL_7826496_S1_L001,T15882C
AY_4_delta_EPI_ISL_7826496_S1_L001,C16466T
AY_4_delta_EPI_ISL_7826496_S1_L001,G18997A
AY_4_delta_EPI_ISL_7826496_S1_L001,C19220T
AY_4_delta_EPI_ISL_7826496_S1_L001,C21618G
AY_4_delta_EPI_ISL_7826496_S1_L001,C21846T
AY_4_delta_EPI_ISL_7826496_S1_L001,G21987A
AY_4_delta_EPI_ISL_7826496_S1_L001,T22917G
AY_4_delta_EPI_ISL_7826496_S1_L001,C22995A
AY_4_delta_EPI_ISL_7826496_S1_L001,A23403G
AY_4_delta_EPI_ISL_7826496_S1_L001,C23604G
AY_4_delta_EPI_ISL_7826496_S1_L001,G24410A
AY_4_delta_EPI_ISL_7826496_S1_L001,C25469T
AY_4_delta_EPI_ISL_7826496_S1_L001,T25959C
AY_4_delta_EPI_ISL_7826496_S1_L001,T26767C
AY_4_delta_EPI_ISL_7826496_S1_L001,G27517C
AY_4_delta_EPI_ISL_7826496_S1_L001,C27630T
AY_4_delta_EPI_ISL_7826496_S1_L001,T27638C
AY_4_delta_EPI_ISL_7826496_S1_L001,C27752T
AY_4_delta_EPI_ISL_7826496_S1_L001,C27874T
AY_4_delta_EPI_ISL_7826496_S1_L001,A28461G
AY_4_delta_EPI_ISL_7826496_S1_L001,G28881T
AY_4_delta_EPI_ISL_7826496_S1_L001,G28916T
AY_4_delta_EPI_ISL_7826496_S1_L001,G29081T
AY_4_delta_EPI_ISL_7826496_S1_L001,G29402T
AY_4_delta_EPI_ISL_7826496_S1_L001,G29742T
XBB_omicron_EPI_ISL_15742981_S1_L001,C241T
XBB_omicron_EPI_ISL_15742981_S1_L001,A405G
XBB_omicron_EPI_ISL_15742981_S1_L001,G510A
XBB_omicron_EPI_ISL_15742981_S1_L001,T670G
XBB_omicron_EPI_ISL_15742981_S1_L001,C2790T
XBB_omicron_EPI_ISL_15742981_S1_L001,C3037T
XBB_omicron_EPI_ISL_15742981_S1_L001,G4184A
XBB_omicron_EPI_ISL_15742981_S1_L001,C4321T
XBB_omicron_EPI_ISL_15742981_S1_L001,G5518A
XBB_omicron_EPI_ISL_15742981_S1_L001,G7058A
XBB_omicron_EPI_ISL_15742981_S1_L001,C9344T
XBB_omicron_EPI_ISL_15742981_S1_L001,A9424G
XBB_omicron_EPI_ISL_15742981_S1_L001,C9534T
XBB_omicron_EPI_ISL_15742981_S1_L001,C9866T
XBB_omicron_EPI_ISL_15742981_S1_L001,C10029T
XBB_omicron_EPI_ISL_15742981_S1_L001,C10198T
XBB_omicron_EPI_ISL_15742981_S1_L001,G10447A
XBB_omicron_EPI_ISL_15742981_S1_L001,C10449A
XBB_omicron_EPI_ISL_15742981_S1_L001,C12880T
XBB_omicron_EPI_ISL_15742981_S1_L001,A14041G
XBB_omicron_EPI_ISL_15742981_S1_L001,C14408T
XBB_omicron_EPI_ISL_15742981_S1_L001,G15451A
XBB_omicron_EPI_ISL_15742981_S1_L001,C15714T
XBB_omicron_EPI_ISL_15742981_S1_L001,C15738T
XBB_omicron_EPI_ISL_15742981_S1_L001,T15939C
XBB_omicron_EPI_ISL_15742981_S1_L001,T16342C
XBB_omicron_EPI_ISL_15742981_S1_L001,C17410T
XBB_omicron_EPI_ISL_15742981_S1_L001,T17859C
XBB_omicron_EPI_ISL_15742981_S1_L001,A18163G
XBB_omicron_EPI_ISL_15742981_S1_L001,A19326G
XBB_omicron_EPI_ISL_15742981_S1_L001,C19955T
XBB_omicron_EPI_ISL_15742981_S1_L001,A20055G
XBB_omicron_EPI_ISL_15742981_S1_L001,A21137G
XBB_omicron_EPI_ISL_15742981_S1_L001,C21618T
XBB_omicron_EPI_ISL_15742981_S1_L001,T21810C
XBB_omicron_EPI_ISL_15742981_S1_L001,G21987A
XBB_omicron_EPI_ISL_15742981_S1_L001,C22000A
XBB_omicron_EPI_ISL_15742981_S1_L001,C22109G
XBB_omicron_EPI_ISL_15742981_S1_L001,T22200A
XBB_omicron_EPI_ISL_15742981_S1_L001,G22577C
XBB_omicron_EPI_ISL_15742981_S1_L001,G22578A
XBB_omicron_EPI_ISL_15742981_S1_L001,G22599C
XBB_omicron_EPI_ISL_15742981_S1_L001,C22664A
XBB_omicron_EPI_ISL_15742981_S1_L001,C22674T
XBB_omicron_EPI_ISL_15742981_S1_L001,T22679C
XBB_omicron_EPI_ISL_15742981_S1_L001,C22686T
XBB_omicron_EPI_ISL_15742981_S1_L001,A22688G
XBB_omicron_EPI_ISL_15742981_S1_L001,G22775A
XBB_omicron_EPI_ISL_15742981_S1_L001,A22786C
XBB_omicron_EPI_ISL_15742981_S1_L001,G22813T
XBB_omicron_EPI_ISL_15742981_S1_L001,T22882G
XBB_omicron_EPI_ISL_15742981_S1_L001,G22895C
XBB_omicron_EPI_ISL_15742981_S1_L001,T22896C
XBB_omicron_EPI_ISL_15742981_S1_L001,G22898A
XBB_omicron_EPI_ISL_15742981_S1_L001,T22942G
XBB_omicron_EPI_ISL_15742981_S1_L001,G22992A
XBB_omicron_EPI_ISL_15742981_S1_L001,C22995A
XBB_omicron_EPI_ISL_15742981_S1_L001,A23013C
XBB_omicron_EPI_ISL_15742981_S1_L001,T23019C
XBB_omicron_EPI_ISL_15742981_S1_L001,T23031C
XBB_omicron_EPI_ISL_15742981_S1_L001,A23055G
XBB_omicron_EPI_ISL_15742981_S1_L001,A23063T
XBB_omicron_EPI_ISL_15742981_S1_L001,T23075C
XBB_omicron_EPI_ISL_15742981_S1_L001,A23403G
XBB_omicron_EPI_ISL_15742981_S1_L001,C23525T
XBB_omicron_EPI_ISL_15742981_S1_L001,T23599G
XBB_omicron_EPI_ISL_15742981_S1_L001,C23604A
XBB_omicron_EPI_ISL_15742981_S1_L001,C23854A
XBB_omicron_EPI_ISL_15742981_S1_L001,G23948T
XBB_omicron_EPI_ISL_15742981_S1_L001,A24424T
XBB_omicron_EPI_ISL_15742981_S1_L001,T24469A
XBB_omicron_EPI_ISL_15742981_S1_L001,C25000T
XBB_omicron_EPI_ISL_15742981_S1_L001,C25416T
XBB_omicron_EPI_ISL_15742981_S1_L001,C25584T
XBB_omicron_EPI_ISL_15742981_S1_L001,C26060T
XBB_omicron_EPI_ISL_15742981_S1_L001,C26270T
XBB_omicron_EPI_ISL_15742981_S1_L001,A26275G
XBB_omicron_EPI_ISL_15742981_S1_L001,C26577G
XBB_omicron_EPI_ISL_15742981_S1_L001,G26709A
XBB_omicron_EPI_ISL_15742981_S1_L001,C26858T
XBB_omicron_EPI_ISL_15742981_S1_L001,A27259C
XBB_omicron_EPI_ISL_15742981_S1_L001,G27382C
XBB_omicron_EPI_ISL_15742981_S1_L001,A27383T
XBB_omicron_EPI_ISL_15742981_S1_L001,T27384C
XBB_omicron_EPI_ISL_15742981_S1_L001,C27807T
XBB_omicron_EPI_ISL_15742981_S1_L001,A28271T
XBB_omicron_EPI_ISL_15742981_S1_L001,C28311T
XBB_omicron_EPI_ISL_15742981_S1_L001,G28881A
XBB_omicron_EPI_ISL_15742981_S1_L001,G28882A
XBB_omicron_EPI_ISL_15742981_S1_L001,G28883C
XBB_omicron_EPI_ISL_15742981_S1_L001,A29510C
XBB_omicron_EPI_ISL_15742981_S1_L001,C29721T
BA_5_omicron_EPI_ISL_15195179_S1_L001,G199A
BA_5_omicron_EPI_ISL_15195179_S1_L001,C241T
BA_5_omicron_EPI_ISL_15195179_S1_L001,T670G
BA_5_omicron_EPI_ISL_15195179_S1_L001,C1627T
BA_5_omicron_EPI_ISL_15195179_S1_L001,C2790T
BA_5_omicron_EPI_ISL_15195179_S1_L001,C3037T
BA_5_omicron_EPI_ISL_15195179_S1_L001,G4184A
BA_5_omicron_EPI_ISL_15195179_S1_L001,C4321T
BA_5_omicron_EPI_ISL_15195179_S1_L001,G8653T
BA_5_omicron_EPI_ISL_15195179_S1_L001,C9344T
BA_5_omicron_EPI_ISL_15195179_S1_L001,A9424G
BA_5_omicron_EPI_ISL_15195179_S1_L001,C9534T
BA_5_omicron_EPI_ISL_15195179_S1_L001,C10029T
BA_5_omicron_EPI_ISL_15195179_S1_L001,C10198T
BA_5_omicron_EPI_ISL_15195179_S1_L001,G10447A
BA_5_omicron_EPI_ISL_15195179_S1_L001,C10449A
BA_5_omicron_EPI_ISL_15195179_S1_L001,G12160A
BA_5_omicron_EPI_ISL_15195179_S1_L001,C12880T
BA_5_omicron_EPI_ISL_15195179_S1_L001,C14408T
BA_5_omicron_EPI_ISL_15195179_S1_L001,C15714T
BA_5_omicron_EPI_ISL_15195179_S1_L001,C17410T
BA_5_omicron_EPI_ISL_15195179_S1_L001,C17934T
BA_5_omicron_EPI_ISL_15195179_S1_L001,A18163G
BA_5_omicron_EPI_ISL_15195179_S1_L001,C19944T
BA_5_omicron_EPI_ISL_15195179_S1_L001,C19955T
BA_5_omicron_EPI_ISL_15195179_S1_L001,A20055G
BA_5_omicron_EPI_ISL_15195179_S1_L001,C21618T
BA_5_omicron_EPI_ISL_15195179_S1_L001,G21987A
BA_5_omicron_EPI_ISL_15195179_S1_L001,T22200G
BA_5_omicron_EPI_ISL_15195179_S1_L001,G22578A
BA_5_omicron_EPI_ISL_15195179_S1_L001,C22624A
BA_5_omicron_EPI_ISL_15195179_S1_L001,C22674T
BA_5_omicron_EPI_ISL_15195179_S1_L001,T22679C
BA_5_omicron_EPI_ISL_15195179_S1_L001,C22686T
BA_5_omicron_EPI_ISL_15195179_S1_L001,A22688G
BA_5_omicron_EPI_ISL_15195179_S1_L001,G22775A
BA_5_omicron_EPI_ISL_15195179_S1_L001,A22786C
BA_5_omicron_EPI_ISL_15195179_S1_L001,G22813T
BA_5_omicron_EPI_ISL_15195179_S1_L001,T22882G
BA_5_omicron_EPI_ISL_15195179_S1_L001,T22917G
BA_5_omicron_EPI_ISL_15195179_S1_L001,G22992A
BA_5_omicron_EPI_ISL_15195179_S1_L001,C22995A
BA_5_omicron_EPI_ISL_15195179_S1_L001,A23013C
BA_5_omicron_EPI_ISL_15195179_S1_L001,T23018G
BA_5_omicron_EPI_ISL_15195179_S1_L001,A23055G
BA_5_omicron_EPI_ISL_15195179_S1_L001,A23063T
BA_5_omicron_EPI_ISL_15195179_S1_L001,T23075C
BA_5_omicron_EPI_ISL_15195179_S1_L001,A23403G
BA_5_omicron_EPI_ISL_15195179_S1_L001,C23525T
BA_5_omicron_EPI_ISL_15195179_S1_L001,T23599G
BA_5_omicron_EPI_ISL_15195179_S1_L001,C23604A
BA_5_omicron_EPI_ISL_15195179_S1_L001,C23854A
BA_5_omicron_EPI_ISL_15195179_S1_L001,C23929T
BA_5_omicron_EPI_ISL_15195179_S1_L001,G23948T
BA_5_omicron_EPI_ISL_15195179_S1_L001,A24424T
BA_5_omicron_EPI_ISL_15195179_S1_L001,T24469A
BA_5_omicron_EPI_ISL_15195179_S1_L001,C25000T
BA_5_omicron_EPI_ISL_15195179_S1_L001,C25584T
BA_5_omicron_EPI_ISL_15195179_S1_L001,C26060T
BA_5_omicron_EPI_ISL_15195179_S1_L001,C26270T
BA_5_omicron_EPI_ISL_15195179_S1_L001,G26529A
BA_5_omicron_EPI_ISL_15195179_S1_L001,C26577G
BA_5_omicron_EPI_ISL_15195179_S1_L001,G26709A
BA_5_omicron_EPI_ISL_15195179_S1_L001,C27807T
BA_5_omicron_EPI_ISL_15195179_S1_L001,C27889T
BA_5_omicron_EPI_ISL_15195179_S1_L001,A28271T
BA_5_omicron_EPI_ISL_15195179_S1_L001,C28311T
BA_5_omicron_EPI_ISL_15195179_S1_L001,G28881A
BA_5_omicron_EPI_ISL_15195179_S1_L001,G28882A
BA_5_omicron_EPI_ISL_15195179_S1_L001,G28883C
BA_5_omicron_EPI_ISL_15195179_S1_L001,A29510C
P_1_gamma_EPI_ISL_1197001_S1_L001,C241T
P_1_gamma_EPI_ISL_1197001_S1_L001,T733C
P_1_gamma_EPI_ISL_1197001_S1_L001,C2749T
P_1_gamma_EPI_ISL_1197001_S1_L001,C3037T
P_1_gamma_EPI_ISL_1197001_S1_L001,C3828T
P_1_gamma_EPI_ISL_1197001_S1_L001,A5648C
P_1_gamma_EPI_ISL_1197001_S1_L001,A6319G
P_1_gamma_EPI_ISL_1197001_S1_L001,A6613G
P_1_gamma_EPI_ISL_1197001_S1_L001,G11291A
P_1_gamma_EPI_ISL_1197001_S1_L001,T11296G
P_1_gamma_EPI_ISL_1197001_S1_L001,C12778T
P_1_gamma_EPI_ISL_1197001_S1_L001,T13851C
P_1_gamma_EPI_ISL_1197001_S1_L001,C13860T
P_1_gamma_EPI_ISL_1197001_S1_L001,C14408T
P_1_gamma_EPI_ISL_1197001_S1_L001,G17259T
P_1_gamma_EPI_ISL_1197001_S1_L001,A21137G
P_1_gamma_EPI_ISL_1197001_S1_L001,C21614T
P_1_gamma_EPI_ISL_1197001_S1_L001,C21621A
P_1_gamma_EPI_ISL_1197001_S1_L001,C21638T
P_1_gamma_EPI_ISL_1197001_S1_L001,G21974T
P_1_gamma_EPI_ISL_1197001_S1_L001,G22132T
P_1_gamma_EPI_ISL_1197001_S1_L001,A22812C
P_1_gamma_EPI_ISL_1197001_S1_L001,G23012A
P_1_gamma_EPI_ISL_1197001_S1_L001,A23063T
P_1_gamma_EPI_ISL_1197001_S1_L001,A23403G
P_1_gamma_EPI_ISL_1197001_S1_L001,C23525T
P_1_gamma_EPI_ISL_1197001_S1_L001,C24642T
P_1_gamma_EPI_ISL_1197001_S1_L001,C24919T
P_1_gamma_EPI_ISL_1197001_S1_L001,G25088T
P_1_gamma_EPI_ISL_1197001_S1_L001,T26149C
P_1_gamma_EPI_ISL_1197001_S1_L001,G28167A
P_1_gamma_EPI_ISL_1197001_S1_L001,C28512G
P_1_gamma_EPI_ISL_1197001_S1_L001,G28881A
B_1_1_7_alpha_EPI_ISL_1210625_S1_L001,C241T
B_1_1_7_alpha_EPI_ISL_1210625_S1_L001,C913T
B_1_1_7_alpha_EPI_ISL_1210625_S1_L001,C3037T
B_1_1_7_alpha_EPI_ISL_1210625_S1_L001,C3267T
B_1_1_7_alpha_EPI_ISL_1210625_S1_L001,C5388A
B_1_1_7_alpha_EPI_ISL_1210625_S1_L001,C5986T
B_1_1_7_alpha_EPI_ISL_1210625_S1_L001,T6954C
B_1_1_7_alpha_EPI_ISL_1210625_S1_L001,C7047T
B_1_1_7_alpha_EPI_ISL_1210625_S1_L001,C10776T
B_1_1_7_alpha_EPI_ISL_1210625_S1_L001,G11291A
B_1_1_7_alpha_EPI_ISL_1210625_S1_L001,T11296G
B_1_1_7_alpha_EPI_ISL_1210625_S1_L001,C14408T
B_1_1_7_alpha_EPI_ISL_1210625_S1_L001,C14676T
B_1_1_7_alpha_EPI_ISL_1210625_S1_L001,C15279T
B_1_1_7_alpha_EPI_ISL_1210625_S1_L001,T16176C
B_1_1_7_alpha_EPI_ISL_1210625_S1_L001,A17615G
B_1_1_7_alpha_EPI_ISL_1210625_S1_L001,A23063T
B_1_1_7_alpha_EPI_ISL_1210625_S1_L001,C23271A
B_1_1_7_alpha_EPI_ISL_1210625_S1_L001,A23403G
B_1_1_7_alpha_EPI_ISL_1210625_S1_L001,C23604A
B_1_1_7_alpha_EPI_ISL_1210625_S1_L001,C23709T
B_1_1_7_alpha_EPI_ISL_1210625_S1_L001,T24506G
B_1_1_7_alpha_EPI_ISL_1210625_S1_L001,G24914C
B_1_1_7_alpha_EPI_ISL_1210625_S1_L001,C27972T
B_1_1_7_alpha_EPI_ISL_1210625_S1_L001,G28048T
B_1_1_7_alpha_EPI_ISL_1210625_S1_L001,A28111G
B_1_1_7_alpha_EPI_ISL_1210625_S1_L001,G28280C
B_1_1_7_alpha_EPI_ISL_1210625_S1_L001,T28282A
B_1_1_7_alpha_EPI_ISL_1210625_S1_L001,G28881A
B_1_1_7_alpha_EPI_ISL_1210625_S1_L001,G28882A
B_1_1_7_alpha_EPI_ISL_1210625_S1_L001,G28883C
B_1_1_7_alpha_EPI_ISL_1210625_S1_L001,C28977T
B_1_1_7_alpha_EPI_ISL_1210625_S1_L001,G29868A
B_1_1_7_alpha_EPI_ISL_1210625_S1_L001,A29869G
B_1_243_EPI_ISL_11330895_S1_L001,C241T
B_1_243_EPI_ISL_11330895_S1_L001,T1578C
B_1_243_EPI_ISL_11330895_S1_L001,C3037T
B_1_243_EPI_ISL_11330895_S1_L001,G6618A
B_1_243_EPI_ISL_11330895_S1_L001,A7833C
B_1_243_EPI_ISL_11330895_S1_L001,C10741T
B_1_243_EPI_ISL_11330895_S1_L001,C14408T
B_1_243_EPI_ISL_11330895_S1_L001,G18534A
B_1_243_EPI_ISL_11330895_S1_L001,A20268G
B_1_243_EPI_ISL_11330895_S1_L001,A23403G
B_1_243_EPI_ISL_11330895_S1_L001,C23604A
B_1_243_EPI_ISL_11330895_S1_L001,T24076C
B_1_243_EPI_ISL_11330895_S1_L001,C24442T
B_1_243_EPI_ISL_11330895_S1_L001,C26534T
B_1_243_EPI_ISL_11330895_S1_L001,G26951T
B_1_243_EPI_ISL_11330895_S1_L001,G28580T
B_1_243_EPI_ISL_11330895_S1_L001,C28854T
B_1_243_EPI_ISL_11330895_S1_L001,G29266A
B_1_243_EPI_ISL_11330895_S1_L001,T29710C
B_1_EPI_ISL_15579518_S1_L001,C241T
B_1_EPI_ISL_15579518_S1_L001,A405G
B_1_EPI_ISL_15579518_S1_L001,G510A
B_1_EPI_ISL_15579518_S1_L001,T670G
B_1_EPI_ISL_15579518_S1_L001,C2790T
B_1_EPI_ISL_15579518_S1_L001,C3037T
B_1_EPI_ISL_15579518_S1_L001,G3582A
B_1_EPI_ISL_15579518_S1_L001,G4184A
B_1_EPI_ISL_15579518_S1_L001,C4321T
B_1_EPI_ISL_15579518_S1_L001,C5736T
B_1_EPI_ISL_15579518_S1_L001,C9344T
B_1_EPI_ISL_15579518_S1_L001,A9424G
B_1_EPI_ISL_15579518_S1_L001,C9534T
B_1_EPI_ISL_15579518_S1_L001,C9866T
B_1_EPI_ISL_15579518_S1_L001,C10029T
B_1_EPI_ISL_15579518_S1_L001,C10198T
B_1_EPI_ISL_15579518_S1_L001,G10447A
B_1_EPI_ISL_15579518_S1_L001,C10449A
B_1_EPI_ISL_15579518_S1_L001,C10507T
B_1_EPI_ISL_15579518_S1_L001,T11288A
B_1_EPI_ISL_15579518_S1_L001,C12880T
B_1_EPI_ISL_15579518_S1_L001,C14408T
B_1_EPI_ISL_15579518_S1_L001,G15451A
B_1_EPI_ISL_15579518_S1_L001,C15714T
B_1_EPI_ISL_15579518_S1_L001,C15738T
B_1_EPI_ISL_15579518_S1_L001,T15939C
B_1_EPI_ISL_15579518_S1_L001,T16342C
B_1_EPI_ISL_15579518_S1_L001,C17410T
B_1_EPI_ISL_15579518_S1_L001,T17859C
B_1_EPI_ISL_15579518_S1_L001,A18163G
B_1_EPI_ISL_15579518_S1_L001,A19326G
B_1_EPI_ISL_15579518_S1_L001,C19955T
B_1_EPI_ISL_15579518_S1_L001,A20055G
B_1_EPI_ISL_15579518_S1_L001,T21810C
B_1_EPI_ISL_15579518_S1_L001,G21987A
B_1_EPI_ISL_15579518_S1_L001,C22000A
B_1_EPI_ISL_15579518_S1_L001,C22109G
B_1_EPI_ISL_15579518_S1_L001,T22200A
B_1_EPI_ISL_15579518_S1_L001,G22577C
B_1_EPI_ISL_15579518_S1_L001,G22578A
B_1_EPI_ISL_15579518_S1_L001,G22599C
B_1_EPI_ISL_15579518_S1_L001,C22664A
B_1_EPI_ISL_15579518_S1_L001,C22674T
B_1_EPI_ISL_15579518_S1_L001,T22679C
B_1_EPI_ISL_15579518_S1_L001,C22686T
B_1_EPI_ISL_15579518_S1_L001,A22688G
B_1_EPI_ISL_15579518_S1_L001,G22775A
B_1_EPI_ISL_15579518_S1_L001,A22786C
B_1_EPI_ISL_15579518_S1_L001,G22813T
B_1_EPI_ISL_15579518_S1_L001,T22882G
B_1_EPI_ISL_15579518_S1_L001,G22895C
B_1_EPI_ISL_15579518_S1_L001,T22896C
B_1_EPI_ISL_15579518_S1_L001,G22898A
B_1_EPI_ISL_15579518_S1_L001,T22942G
B_1_EPI_ISL_15579518_S1_L001,G22992A
B_1_EPI_ISL_15579518_S1_L001,C22995A
B_1_EPI_ISL_15579518_S1_L001,A23013C
B_1_EPI_ISL_15579518_S1_L001,T23019C
B_1_EPI_ISL_15579518_S1_L001,T23031C
B_1_EPI_ISL_15579518_S1_L001,A23055G
B_1_EPI_ISL_15579518_S1_L001,A23063T
B_1_EPI_ISL_15579518_S1_L001,T23075C
B_1_EPI_ISL_15579518_S1_L001,A23403G
B_1_EPI_ISL_15579518_S1_L001,C23525T
B_1_EPI_ISL_15579518_S1_L001,T23599G
B_1_EPI_ISL_15579518_S1_L001,C23604A
B_1_EPI_ISL_15579518_S1_L001,C23854A
B_1_EPI_ISL_15579518_S1_L001,G23948T
B_1_EPI_ISL_15579518_S1_L001,A24424T
B_1_EPI_ISL_15579518_S1_L001,T24469A
B_1_EPI_ISL_15579518_S1_L001,C25000T
B_1_EPI_ISL_15579518_S1_L001,C25416T
B_1_EPI_ISL_15579518_S1_L001,C25584T
B_1_EPI_ISL_15579518_S1_L001,C26060T
B_1_EPI_ISL_15579518_S1_L001,C26270T
B_1_EPI_ISL_15579518_S1_L001,A26275G
B_1_EPI_ISL_15579518_S1_L001,C26577G
B_1_EPI_ISL_15579518_S1_L001,G26709A
B_1_EPI_ISL_15579518_S1_L001,C26858T
B_1_EPI_ISL_15579518_S1_L001,A27259C
B_1_EPI_ISL_15579518_S1_L001,G27382C
B_1_EPI_ISL_15579518_S1_L001,A27383T
B_1_EPI_ISL_15579518_S1_L001,T27384C
B_1_EPI_ISL_15579518_S1_L001,C27807T
B_1_EPI_ISL_15579518_S1_L001,A28271T
B_1_EPI_ISL_15579518_S1_L001,C28311T
B_1_EPI_ISL_15579518_S1_L001,C28550A
B_1_EPI_ISL_15579518_S1_L001,G28881A
B_1_EPI_ISL_15579518_S1_L001,G28882A
B_1_EPI_ISL_15579518_S1_L001,G28883C
B_1_EPI_ISL_15579518_S1_L001,C29095T
B_1_EPI_ISL_15579518_S1_L001,A29510C
P_1_gamma_EPI_ISL_1287630_S1_L001,C241T
P_1_gamma_EPI_ISL_1287630_S1_L001,T733C
P_1_gamma_EPI_ISL_1287630_S1_L001,C2523T
P_1_gamma_EPI_ISL_1287630_S1_L001,C2749T
P_1_gamma_EPI_ISL_1287630_S1_L001,C3037T
P_1_gamma_EPI_ISL_1287630_S1_L001,C3828T
P_1_gamma_EPI_ISL_1287630_S1_L001,A5648C
P_1_gamma_EPI_ISL_1287630_S1_L001,A6319G
P_1_gamma_EPI_ISL_1287630_S1_L001,A6613G
P_1_gamma_EPI_ISL_1287630_S1_L001,G11291A
P_1_gamma_EPI_ISL_1287630_S1_L001,T11296G
P_1_gamma_EPI_ISL_1287630_S1_L001,C12778T
P_1_gamma_EPI_ISL_1287630_S1_L001,G12938T
P_1_gamma_EPI_ISL_1287630_S1_L001,T13851C
P_1_gamma_EPI_ISL_1287630_S1_L001,C13860T
P_1_gamma_EPI_ISL_1287630_S1_L001,C14408T
P_1_gamma_EPI_ISL_1287630_S1_L001,G15652T
P_1_gamma_EPI_ISL_1287630_S1_L001,G17259T
P_1_gamma_EPI_ISL_1287630_S1_L001,C21614T
P_1_gamma_EPI_ISL_1287630_S1_L001,C21621A
P_1_gamma_EPI_ISL_1287630_S1_L001,C21638T
P_1_gamma_EPI_ISL_1287630_S1_L001,G21974T
P_1_gamma_EPI_ISL_1287630_S1_L001,C22006T
P_1_gamma_EPI_ISL_1287630_S1_L001,G22132T
P_1_gamma_EPI_ISL_1287630_S1_L001,A22812C
P_1_gamma_EPI_ISL_1287630_S1_L001,G23012A
P_1_gamma_EPI_ISL_1287630_S1_L001,A23063T
P_1_gamma_EPI_ISL_1287630_S1_L001,A23403G
P_1_gamma_EPI_ISL_1287630_S1_L001,C23481T
P_1_gamma_EPI_ISL_1287630_S1_L001,C23525T
P_1_gamma_EPI_ISL_1287630_S1_L001,C24642T
P_1_gamma_EPI_ISL_1287630_S1_L001,G25088T
P_1_gamma_EPI_ISL_1287630_S1_L001,T26149C
P_1_gamma_EPI_ISL_1287630_S1_L001,G28167A
P_1_gamma_EPI_ISL_1287630_S1_L001,C28512G
P_1_gamma_EPI_ISL_1287630_S1_L001,G28881A
B_1_EPI_ISL_15465135_S1_L001,C241T
B_1_EPI_ISL_15465135_S1_L001,A405G
B_1_EPI_ISL_15465135_S1_L001,G510A
B_1_EPI_ISL_15465135_S1_L001,T670G
B_1_EPI_ISL_15465135_S1_L001,C2790T
B_1_EPI_ISL_15465135_S1_L001,C3037T
B_1_EPI_ISL_15465135_S1_L001,G4184A
B_1_EPI_ISL_15465135_S1_L001,C4321T
B_1_EPI_ISL_15465135_S1_L001,G5518A
B_1_EPI_ISL_15465135_S1_L001,C9344T
B_1_EPI_ISL_15465135_S1_L001,A9424G
B_1_EPI_ISL_15465135_S1_L001,C9534T
B_1_EPI_ISL_15465135_S1_L001,C9866T
B_1_EPI_ISL_15465135_S1_L001,C10029T
B_1_EPI_ISL_15465135_S1_L001,C10198T
B_1_EPI_ISL_15465135_S1_L001,G10447A
B_1_EPI_ISL_15465135_S1_L001,C10449A
B_1_EPI_ISL_15465135_S1_L001,T11296G
B_1_EPI_ISL_15465135_S1_L001,C12880T
B_1_EPI_ISL_15465135_S1_L001,C14408T
B_1_EPI_ISL_15465135_S1_L001,G15451A
B_1_EPI_ISL_15465135_S1_L001,C15714T
B_1_EPI_ISL_15465135_S1_L001,C15738T
B_1_EPI_ISL_15465135_S1_L001,T15939C
B_1_EPI_ISL_15465135_S1_L001,T16342C
B_1_EPI_ISL_15465135_S1_L001,C17410T
B_1_EPI_ISL_15465135_S1_L001,T17859C
B_1_EPI_ISL_15465135_S1_L001,A18163G
B_1_EPI_ISL_15465135_S1_L001,A19326G
B_1_EPI_ISL_15465135_S1_L001,C19955T
B_1_EPI_ISL_15465135_S1_L001,A20055G
B_1_EPI_ISL_15465135_S1_L001,C21618T
B_1_EPI_ISL_15465135_S1_L001,T21810C
B_1_EPI_ISL_15465135_S1_L001,G21987A
B_1_EPI_ISL_15465135_S1_L001,C22000A
B_1_EPI_ISL_15465135_S1_L001,C22109G
B_1_EPI_ISL_15465135_S1_L001,G22577C
B_1_EPI_ISL_15465135_S1_L001,G22578A
B_1_EPI_ISL_15465135_S1_L001,G22599C
B_1_EPI_ISL_15465135_S1_L001,C22664A
B_1_EPI_ISL_15465135_S1_L001,C22674T
B_1_EPI_ISL_15465135_S1_L001,T22679C
B_1_EPI_ISL_15465135_S1_L001,C22686T
B_1_EPI_ISL_15465135_S1_L001,A22688G
B_1_EPI_ISL_15465135_S1_L001,G22775A
B_1_EPI_ISL_15465135_S1_L001,A22786C
B_1_EPI_ISL_15465135_S1_L001,G22813T
B_1_EPI_ISL_15465135_S1_L001,T22882G
B_1_EPI_ISL_15465135_S1_L001,G22895C
B_1_EPI_ISL_15465135_S1_L001,T22896C
B_1_EPI_ISL_15465135_S1_L001,G22898A
B_1_EPI_ISL_15465135_S1_L001,T22942G
B_1_EPI_ISL_15465135_S1_L001,G22992A
B_1_EPI_ISL_15465135_S1_L001,C22995A
B_1_EPI_ISL_15465135_S1_L001,A23013C
B_1_EPI_ISL_15465135_S1_L001,T23019C
B_1_EPI_ISL_15465135_S1_L001,T23031C
B_1_EPI_ISL_15465135_S1_L001,A23055G
B_1_EPI_ISL_15465135_S1_L001,A23063T
B_1_EPI_ISL_15465135_S1_L001,T23075C
B_1_EPI_ISL_15465135_S1_L001,A23403G
B_1_EPI_ISL_15465135_S1_L001,C23525T
B_1_EPI_ISL_15465135_S1_L001,T23599G
B_1_EPI_ISL_15465135_S1_L001,C23604A
B_1_EPI_ISL_15465135_S1_L001,C23854A
B_1_EPI_ISL_15465135_S1_L001,G23948T
B_1_EPI_ISL_15465135_S1_L001,A24424T
B_1_EPI_ISL_15465135_S1_L001,T24469A
B_1_EPI_ISL_15465135_S1_L001,C25000T
B_1_EPI_ISL_15465135_S1_L001,C25416T
B_1_EPI_ISL_15465135_S1_L001,C25584T
B_1_EPI_ISL_15465135_S1_L001,C26060T
B_1_EPI_ISL_15465135_S1_L001,C26270T
B_1_EPI_ISL_15465135_S1_L001,A26275G
B_1_EPI_ISL_15465135_S1_L001,C26577G
B_1_EPI_ISL_15465135_S1_L001,G26709A
B_1_EPI_ISL_15465135_S1_L001,C26858T
B_1_EPI_ISL_15465135_S1_L001,A27259C
B_1_EPI_ISL_15465135_S1_L001,G27382C
B_1_EPI_ISL_15465135_S1_L001,A27383T
B_1_EPI_ISL_15465135_S1_L001,T27384C
B_1_EPI_ISL_15465135_S1_L001,C27807T
B_1_EPI_ISL_15465135_S1_L001,A28271T
B_1_EPI_ISL_15465135_S1_L001,C28311T
B_1_EPI_ISL_15465135_S1_L001,A28363T
B_1_EPI_ISL_15465135_S1_L001,G28881A
B_1_EPI_ISL_15465135_S1_L001,G28882A
B_1_EPI_ISL_15465135_S1_L001,G28883C
B_1_EPI_ISL_15465135_S1_L001,A29510C
B_1_EPI_ISL_15742981_S1_L001,C241T
B_1_EPI_ISL_15742981_S1_L001,A405G
B_1_EPI_ISL_15742981_S1_L001,G510A
B_1_EPI_ISL_15742981_S1_L001,T670G
B_1_EPI_ISL_15742981_S1_L001,C2790T
B_1_EPI_ISL_15742981_S1_L001,C3037T
B_1_EPI_ISL_15742981_S1_L001,G4184A
B_1_EPI_ISL_15742981_S1_L001,C4321T
B_1_EPI_ISL_15742981_S1_L001,G5518A
B_1_EPI_ISL_15742981_S1_L001,G7058A
B_1_EPI_ISL_15742981_S1_L001,C9344T
B_1_EPI_ISL_15742981_S1_L001,A9424G
B_1_EPI_ISL_15742981_S1_L001,C9534T
B_1_EPI_ISL_15742981_S1_L001,C9866T
B_1_EPI_ISL_15742981_S1_L001,C10029T
B_1_EPI_ISL_15742981_S1_L001,C10198T
B_1_EPI_ISL_15742981_S1_L001,G10447A
B_1_EPI_ISL_15742981_S1_L001,C10449A
B_1_EPI_ISL_15742981_S1_L001,C12880T
B_1_EPI_ISL_15742981_S1_L001,A14041G
B_1_EPI_ISL_15742981_S1_L001,C14408T
B_1_EPI_ISL_15742981_S1_L001,G15451A
B_1_EPI_ISL_15742981_S1_L001,C15714T
B_1_EPI_ISL_15742981_S1_L001,C15738T
B_1_EPI_ISL_15742981_S1_L001,T15939C
B_1_EPI_ISL_15742981_S1_L001,T16342C
B_1_EPI_ISL_15742981_S1_L001,C17410T
B_1_EPI_ISL_15742981_S1_L001,T17859C
B_1_EPI_ISL_15742981_S1_L001,A18163G
B_1_EPI_ISL_15742981_S1_L001,A19326G
B_1_EPI_ISL_15742981_S1_L001,C19955T
B_1_EPI_ISL_15742981_S1_L001,A20055G
B_1_EPI_ISL_15742981_S1_L001,A21137G
B_1_EPI_ISL_15742981_S1_L001,C21618T
B_1_EPI_ISL_15742981_S1_L001,T21810C
B_1_EPI_ISL_15742981_S1_L001,G21987A
B_1_EPI_ISL_15742981_S1_L001,C22000A
B_1_EPI_ISL_15742981_S1_L001,C22109G
B_1_EPI_ISL_15742981_S1_L001,T22200A
B_1_EPI_ISL_15742981_S1_L001,G22577C
B_1_EPI_ISL_15742981_S1_L001,G22578A
B_1_EPI_ISL_15742981_S1_L001,G22599C
B_1_EPI_ISL_15742981_S1_L001,C22664A
B_1_EPI_ISL_15742981_S1_L001,C22674T
B_1_EPI_ISL_15742981_S1_L001,T22679C
B_1_EPI_ISL_15742981_S1_L001,C22686T
B_1_EPI_ISL_15742981_S1_L001,A22688G
B_1_EPI_ISL_15742981_S1_L001,G22775A
B_1_EPI_ISL_15742981_S1_L001,A22786C
B_1_EPI_ISL_15742981_S1_L001,G22813T
B_1_EPI_ISL_15742981_S1_L001,T22882G
B_1_EPI_ISL_15742981_S1_L001,G22895C
B_1_EPI_ISL_15742981_S1_L001,T22896C
B_1_EPI_ISL_15742981_S1_L001,G22898A
B_1_EPI_ISL_15742981_S1_L001,T22942G
B_1_EPI_ISL_15742981_S1_L001,G22992A
B_1_EPI_ISL_15742981_S1_L001,C22995A
B_1_EPI_ISL_15742981_S1_L001,A23013C
B_1_EPI_ISL_15742981_S1_L001,T23019C
B_1_EPI_ISL_15742981_S1_L001,T23031C
B_1_EPI_ISL_15742981_S1_L001,A23055G
B_1_EPI_ISL_15742981_S1_L001,A23063T
B_1_EPI_ISL_15742981_S1_L001,T23075C
B_1_EPI_ISL_15742981_S1_L001,A23403G
B_1_EPI_ISL_15742981_S1_L001,C23525T
B_1_EPI_ISL_15742981_S1_L001,T23599G
B_1_EPI_ISL_15742981_S1_L001,C23604A
B_1_EPI_ISL_15742981_S1_L001,C23854A
B_1_EPI_ISL_15742981_S1_L001,G23948T
B_1_EPI_ISL_15742981_S1_L001,A24424T
B_1_EPI_ISL_15742981_S1_L001,T24469A
B_1_EPI_ISL_15742981_S1_L001,C25000T
B_1_EPI_ISL_15742981_S1_L001,C25416T
B_1_EPI_ISL_15742981_S1_L001,C25584T
B_1_EPI_ISL_15742981_S1_L001,C26060T
B_1_EPI_ISL_15742981_S1_L001,C26270T
B_1_EPI_ISL_15742981_S1_L001,A26275G
B_1_EPI_ISL_15742981_S1_L001,C26577G
B_1_EPI_ISL_15742981_S1_L001,G26709A
B_1_EPI_ISL_15742981_S1_L001,C26858T
B_1_EPI_ISL_15742981_S1_L001,A27259C
B_1_EPI_ISL_15742981_S1_L001,G27382C
B_1_EPI_ISL_15742981_S1_L001,A27383T
B_1_EPI_ISL_15742981_S1_L001,T27384C
B_1_EPI_ISL_15742981_S1_L001,C27807T
B_1_EPI_ISL_15742981_S1_L001,A28271T
B_1_EPI_ISL_15742981_S1_L001,C28311T
B_1_EPI_ISL_15742981_S1_L001,G28881A
B_1_EPI_ISL_15742981_S1_L001,G28882A
B_1_EPI_ISL_15742981_S1_L001,G28883C
B_1_EPI_ISL_15742981_S1_L001,A29510C
B_1_EPI_ISL_15742981_S1_L001,C29721T
B_1_243_EPI_ISL_11190240_S1_L001,C241T
B_1_243_EPI_ISL_11190240_S1_L001,T1578C
B_1_243_EPI_ISL_11190240_S1_L001,C3037T
B_1_243_EPI_ISL_11190240_S1_L001,G6618A
B_1_243_EPI_ISL_11190240_S1_L001,A7833C
B_1_243_EPI_ISL_11190240_S1_L001,C10741T
B_1_243_EPI_ISL_11190240_S1_L001,C14408T
B_1_243_EPI_ISL_11190240_S1_L001,G18534A
B_1_243_EPI_ISL_11190240_S1_L001,A20268G
B_1_243_EPI_ISL_11190240_S1_L001,A23403G
B_1_243_EPI_ISL_11190240_S1_L001,C23604A
B_1_243_EPI_ISL_11190240_S1_L001,T24076C
B_1_243_EPI_ISL_11190240_S1_L001,C24442T
B_1_243_EPI_ISL_11190240_S1_L001,C26534T
B_1_243_EPI_ISL_11190240_S1_L001,G26951T
B_1_243_EPI_ISL_11190240_S1_L001,G28580T
B_1_243_EPI_ISL_11190240_S1_L001,C28854T
B_1_243_EPI_ISL_11190240_S1_L001,G29266A
B_1_243_EPI_ISL_11190240_S1_L001,T29710C
AY_39_1_delta_EPI_ISL_7825961_S1_L001,G210T
AY_39_1_delta_EPI_ISL_7825961_S1_L001,C241T
AY_39_1_delta_EPI_ISL_7825961_S1_L001,C2232T
AY_39_1_delta_EPI_ISL_7825961_S1_L001,C3037T
AY_39_1_delta_EPI_ISL_7825961_S1_L001,C3096T
AY_39_1_delta_EPI_ISL_7825961_S1_L001,G4181T
AY_39_1_delta_EPI_ISL_7825961_S1_L001,C6402T
AY_39_1_delta_EPI_ISL_7825961_S1_L001,C7124T
AY_39_1_delta_EPI_ISL_7825961_S1_L001,C8986T
AY_39_1_delta_EPI_ISL_7825961_S1_L001,G9053T
AY_39_1_delta_EPI_ISL_7825961_S1_L001,C10029T
AY_39_1_delta_EPI_ISL_7825961_S1_L001,A11201G
AY_39_1_delta_EPI_ISL_7825961_S1_L001,A11332G
AY_39_1_delta_EPI_ISL_7825961_S1_L001,A13482G
AY_39_1_delta_EPI_ISL_7825961_S1_L001,C14408T
AY_39_1_delta_EPI_ISL_7825961_S1_L001,G15451A
AY_39_1_delta_EPI_ISL_7825961_S1_L001,C16466T
AY_39_1_delta_EPI_ISL_7825961_S1_L001,C19220T
AY_39_1_delta_EPI_ISL_7825961_S1_L001,G21372T
AY_39_1_delta_EPI_ISL_7825961_S1_L001,C21618G
AY_39_1_delta_EPI_ISL_7825961_S1_L001,C21846T
AY_39_1_delta_EPI_ISL_7825961_S1_L001,G21987A
AY_39_1_delta_EPI_ISL_7825961_S1_L001,T22917G
AY_39_1_delta_EPI_ISL_7825961_S1_L001,C22995A
AY_39_1_delta_EPI_ISL_7825961_S1_L001,A23403G
AY_39_1_delta_EPI_ISL_7825961_S1_L001,C23604G
AY_39_1_delta_EPI_ISL_7825961_S1_L001,G24410A
AY_39_1_delta_EPI_ISL_7825961_S1_L001,C25469T
AY_39_1_delta_EPI_ISL_7825961_S1_L001,T26187C
AY_39_1_delta_EPI_ISL_7825961_S1_L001,T26767C
AY_39_1_delta_EPI_ISL_7825961_S1_L001,C27752T
AY_39_1_delta_EPI_ISL_7825961_S1_L001,C27874T
AY_39_1_delta_EPI_ISL_7825961_S1_L001,T28297C
AY_39_1_delta_EPI_ISL_7825961_S1_L001,A28461G
AY_39_1_delta_EPI_ISL_7825961_S1_L001,C28725T
AY_39_1_delta_EPI_ISL_7825961_S1_L001,G28881T
AY_39_1_delta_EPI_ISL_7825961_S1_L001,G28916T
AY_39_1_delta_EPI_ISL_7825961_S1_L001,T28921C
AY_39_1_delta_EPI_ISL_7825961_S1_L001,G29402T
AY_39_1_delta_EPI_ISL_7825961_S1_L001,G29742T
P_1_gamma_EPI_ISL_1287638_S1_L001,C241T
P_1_gamma_EPI_ISL_1287638_S1_L001,T733C
P_1_gamma_EPI_ISL_1287638_S1_L001,C2523T
P_1_gamma_EPI_ISL_1287638_S1_L001,C2749T
P_1_gamma_EPI_ISL_1287638_S1_L001,C3037T
P_1_gamma_EPI_ISL_1287638_S1_L001,C3828T
P_1_gamma_EPI_ISL_1287638_S1_L001,A5648C
P_1_gamma_EPI_ISL_1287638_S1_L001,A6319G
P_1_gamma_EPI_ISL_1287638_S1_L001,A6613G
P_1_gamma_EPI_ISL_1287638_S1_L001,G11291A
P_1_gamma_EPI_ISL_1287638_S1_L001,T11296G
P_1_gamma_EPI_ISL_1287638_S1_L001,C12778T
P_1_gamma_EPI_ISL_1287638_S1_L001,G12938T
P_1_gamma_EPI_ISL_1287638_S1_L001,T13851C
P_1_gamma_EPI_ISL_1287638_S1_L001,C13860T
P_1_gamma_EPI_ISL_1287638_S1_L001,C14408T
P_1_gamma_EPI_ISL_1287638_S1_L001,G15652T
P_1_gamma_EPI_ISL_1287638_S1_L001,G17259T
P_1_gamma_EPI_ISL_1287638_S1_L001,C21614T
P_1_gamma_EPI_ISL_1287638_S1_L001,C21621A
P_1_gamma_EPI_ISL_1287638_S1_L001,C21638T
P_1_gamma_EPI_ISL_1287638_S1_L001,G21974T
P_1_gamma_EPI_ISL_1287638_S1_L001,C22006T
P_1_gamma_EPI_ISL_1287638_S1_L001,G22132T
P_1_gamma_EPI_ISL_1287638_S1_L001,A22812C
P_1_gamma_EPI_ISL_1287638_S1_L001,G23012A
P_1_gamma_EPI_ISL_1287638_S1_L001,A23063T
P_1_gamma_EPI_ISL_1287638_S1_L001,A23403G
P_1_gamma_EPI_ISL_1287638_S1_L001,C23481T
P_1_gamma_EPI_ISL_1287638_S1_L001,C23525T
P_1_gamma_EPI_ISL_1287638_S1_L001,C24642T
P_1_gamma_EPI_ISL_1287638_S1_L001,G25088T
P_1_gamma_EPI_ISL_1287638_S1_L001,T26149C
P_1_gamma_EPI_ISL_1287638_S1_L001,G28167A
P_1_gamma_EPI_ISL_1287638_S1_L001,C28512G
P_1_gamma_EPI_ISL_1287638_S1_L001,G28881A
XBB_omicron_EPI_ISL_15742978_S1_L001,C241T
XBB_omicron_EPI_ISL_15742978_S1_L001,A405G
XBB_omicron_EPI_ISL_15742978_S1_L001,G510A
XBB_omicron_EPI_ISL_15742978_S1_L001,T670G
XBB_omicron_EPI_ISL_15742978_S1_L001,C2790T
XBB_omicron_EPI_ISL_15742978_S1_L001,C3037T
XBB_omicron_EPI_ISL_15742978_S1_L001,G4184A
XBB_omicron_EPI_ISL_15742978_S1_L001,C4321T
XBB_omicron_EPI_ISL_15742978_S1_L001,G5518A
XBB_omicron_EPI_ISL_15742978_S1_L001,C9344T
XBB_omicron_EPI_ISL_15742978_S1_L001,A9424G
XBB_omicron_EPI_ISL_15742978_S1_L001,C9534T
XBB_omicron_EPI_ISL_15742978_S1_L001,C9866T
XBB_omicron_EPI_ISL_15742978_S1_L001,C10029T
XBB_omicron_EPI_ISL_15742978_S1_L001,C10198T
XBB_omicron_EPI_ISL_15742978_S1_L001,G10447A
XBB_omicron_EPI_ISL_15742978_S1_L001,C10449A
XBB_omicron_EPI_ISL_15742978_S1_L001,C12880T
XBB_omicron_EPI_ISL_15742978_S1_L001,C14408T
XBB_omicron_EPI_ISL_15742978_S1_L001,G15451A
XBB_omicron_EPI_ISL_15742978_S1_L001,C15714T
XBB_omicron_EPI_ISL_15742978_S1_L001,C15738T
XBB_omicron_EPI_ISL_15742978_S1_L001,T15939C
XBB_omicron_EPI_ISL_15742978_S1_L001,T16050C
XBB_omicron_EPI_ISL_15742978_S1_L001,T16342C
XBB_omicron_EPI_ISL_15742978_S1_L001,C17410T
XBB_omicron_EPI_ISL_15742978_S1_L001,T17859C
XBB_omicron_EPI_ISL_15742978_S1_L001,A18163G
XBB_omicron_EPI_ISL_15742978_S1_L001,A19326G
XBB_omicron_EPI_ISL_15742978_S1_L001,C19955T
XBB_omicron_EPI_ISL_15742978_S1_L001,A20055G
XBB_omicron_EPI_ISL_15742978_S1_L001,C21618T
XBB_omicron_EPI_ISL_15742978_S1_L001,T21810C
XBB_omicron_EPI_ISL_15742978_S1_L001,G21987A
XBB_omicron_EPI_ISL_15742978_S1_L001,C22000A
XBB_omicron_EPI_ISL_15742978_S1_L001,C22109G
XBB_omicron_EPI_ISL_15742978_S1_L001,T22200A
XBB_omicron_EPI_ISL_15742978_S1_L001,G22577C
XBB_omicron_EPI_ISL_15742978_S1_L001,G22578A
XBB_omicron_EPI_ISL_15742978_S1_L001,G22599C
XBB_omicron_EPI_ISL_15742978_S1_L001,C22664A
XBB_omicron_EPI_ISL_15742978_S1_L001,C22674T
XBB_omicron_EPI_ISL_15742978_S1_L001,T22679C
XBB_omicron_EPI_ISL_15742978_S1_L001,C22686T
XBB_omicron_EPI_ISL_15742978_S1_L001,A22688G
XBB_omicron_EPI_ISL_15742978_S1_L001,G22775A
XBB_omicron_EPI_ISL_15742978_S1_L001,A22786C
XBB_omicron_EPI_ISL_15742978_S1_L001,G22813T
XBB_omicron_EPI_ISL_15742978_S1_L001,T22882G
XBB_omicron_EPI_ISL_15742978_S1_L001,G22895C
XBB_omicron_EPI_ISL_15742978_S1_L001,T22896C
XBB_omicron_EPI_ISL_15742978_S1_L001,G22898A
XBB_omicron_EPI_ISL_15742978_S1_L001,T22942G
XBB_omicron_EPI_ISL_15742978_S1_L001,G22992A
XBB_omicron_EPI_ISL_15742978_S1_L001,C22995A
XBB_omicron_EPI_ISL_15742978_S1_L001,A23013C
XBB_omicron_EPI_ISL_15742978_S1_L001,T23019C
XBB_omicron_EPI_ISL_15742978_S1_L001,T23031C
XBB_omicron_EPI_ISL_15742978_S1_L001,A23055G
XBB_omicron_EPI_ISL_15742978_S1_L001,A23063T
XBB_omicron_EPI_ISL_15742978_S1_L001,T23075C
XBB_omicron_EPI_ISL_15742978_S1_L001,A23403G
XBB_omicron_EPI_ISL_15742978_S1_L001,C23525T
XBB_omicron_EPI_ISL_15742978_S1_L001,T23599G
XBB_omicron_EPI_ISL_15742978_S1_L001,C23604A
XBB_omicron_EPI_ISL_15742978_S1_L001,C23854A
XBB_omicron_EPI_ISL_15742978_S1_L001,G23948T
XBB_omicron_EPI_ISL_15742978_S1_L001,A24424T
XBB_omicron_EPI_ISL_15742978_S1_L001,T24469A
XBB_omicron_EPI_ISL_15742978_S1_L001,C25000T
XBB_omicron_EPI_ISL_15742978_S1_L001,C25416T
XBB_omicron_EPI_ISL_15742978_S1_L001,C25584T
XBB_omicron_EPI_ISL_15742978_S1_L001,C26060T
XBB_omicron_EPI_ISL_15742978_S1_L001,C26270T
XBB_omicron_EPI_ISL_15742978_S1_L001,A26275G
XBB_omicron_EPI_ISL_15742978_S1_L001,C26577G
XBB_omicron_EPI_ISL_15742978_S1_L001,G26709A
XBB_omicron_EPI_ISL_15742978_S1_L001,C26858T
XBB_omicron_EPI_ISL_15742978_S1_L001,A27259C
XBB_omicron_EPI_ISL_15742978_S1_L001,G27382C
XBB_omicron_EPI_ISL_15742978_S1_L001,A27383T
XBB_omicron_EPI_ISL_15742978_S1_L001,T27384C
XBB_omicron_EPI_ISL_15742978_S1_L001,C27807T
XBB_omicron_EPI_ISL_15742978_S1_L001,A28271T
XBB_omicron_EPI_ISL_15742978_S1_L001,C28311T
XBB_omicron_EPI_ISL_15742978_S1_L001,G28881A
XBB_omicron_EPI_ISL_15742978_S1_L001,G28882A
XBB_omicron_EPI_ISL_15742978_S1_L001,G28883C
XBB_omicron_EPI_ISL_15742978_S1_L001,A29510C
B_1_1_7_alpha_EPI_ISL_1210626_S1_L001,C241T
B_1_1_7_alpha_EPI_ISL_1210626_S1_L001,C913T
B_1_1_7_alpha_EPI_ISL_1210626_S1_L001,C3037T
B_1_1_7_alpha_EPI_ISL_1210626_S1_L001,C3267T
B_1_1_7_alpha_EPI_ISL_1210626_S1_L001,C5388A
B_1_1_7_alpha_EPI_ISL_1210626_S1_L001,C5986T
B_1_1_7_alpha_EPI_ISL_1210626_S1_L001,T6954C
B_1_1_7_alpha_EPI_ISL_1210626_S1_L001,T11296G
B_1_1_7_alpha_EPI_ISL_1210626_S1_L001,C12784T
B_1_1_7_alpha_EPI_ISL_1210626_S1_L001,C14408T
B_1_1_7_alpha_EPI_ISL_1210626_S1_L001,C14676T
B_1_1_7_alpha_EPI_ISL_1210626_S1_L001,C15279T
B_1_1_7_alpha_EPI_ISL_1210626_S1_L001,T16176C
B_1_1_7_alpha_EPI_ISL_1210626_S1_L001,A17615G
B_1_1_7_alpha_EPI_ISL_1210626_S1_L001,A19079G
B_1_1_7_alpha_EPI_ISL_1210626_S1_L001,C19610T
B_1_1_7_alpha_EPI_ISL_1210626_S1_L001,C19854T
B_1_1_7_alpha_EPI_ISL_1210626_S1_L001,C22227T
B_1_1_7_alpha_EPI_ISL_1210626_S1_L001,A23063T
B_1_1_7_alpha_EPI_ISL_1210626_S1_L001,C23271A
B_1_1_7_alpha_EPI_ISL_1210626_S1_L001,A23403G
B_1_1_7_alpha_EPI_ISL_1210626_S1_L001,C23604A
B_1_1_7_alpha_EPI_ISL_1210626_S1_L001,C23709T
B_1_1_7_alpha_EPI_ISL_1210626_S1_L001,C24240T
B_1_1_7_alpha_EPI_ISL_1210626_S1_L001,T24506G
B_1_1_7_alpha_EPI_ISL_1210626_S1_L001,G24914C
B_1_1_7_alpha_EPI_ISL_1210626_S1_L001,G26951C
B_1_1_7_alpha_EPI_ISL_1210626_S1_L001,C27972T
B_1_1_7_alpha_EPI_ISL_1210626_S1_L001,G28048T
B_1_1_7_alpha_EPI_ISL_1210626_S1_L001,A28111G
B_1_1_7_alpha_EPI_ISL_1210626_S1_L001,C28253T
B_1_1_7_alpha_EPI_ISL_1210626_S1_L001,C28744T
B_1_1_7_alpha_EPI_ISL_1210626_S1_L001,G28881A
B_1_1_7_alpha_EPI_ISL_1210626_S1_L001,G28882A
B_1_1_7_alpha_EPI_ISL_1210626_S1_L001,G28883C
B_1_1_7_alpha_EPI_ISL_1210626_S1_L001,C28977T
BA_2_omicron_EPI_ISL_11521406_S1_L001,C241T
BA_2_omicron_EPI_ISL_11521406_S1_L001,T670G
BA_2_omicron_EPI_ISL_11521406_S1_L001,C2790T
BA_2_omicron_EPI_ISL_11521406_S1_L001,C3037T
BA_2_omicron_EPI_ISL_11521406_S1_L001,G4184A
BA_2_omicron_EPI_ISL_11521406_S1_L001,C4321T
BA_2_omicron_EPI_ISL_11521406_S1_L001,C9344T
BA_2_omicron_EPI_ISL_11521406_S1_L001,A9424G
BA_2_omicron_EPI_ISL_11521406_S1_L001,C9534T
BA_2_omicron_EPI_ISL_11521406_S1_L001,C9866T
BA_2_omicron_EPI_ISL_11521406_S1_L001,C10029T
BA_2_omicron_EPI_ISL_11521406_S1_L001,C10198T
BA_2_omicron_EPI_ISL_11521406_S1_L001,G10447A
BA_2_omicron_EPI_ISL_11521406_S1_L001,C10449A
BA_2_omicron_EPI_ISL_11521406_S1_L001,G11291A
BA_2_omicron_EPI_ISL_11521406_S1_L001,T11296G
BA_2_omicron_EPI_ISL_11521406_S1_L001,C12880T
BA_2_omicron_EPI_ISL_11521406_S1_L001,C14408T
BA_2_omicron_EPI_ISL_11521406_S1_L001,C15714T
BA_2_omicron_EPI_ISL_11521406_S1_L001,C17410T
BA_2_omicron_EPI_ISL_11521406_S1_L001,A18163G
BA_2_omicron_EPI_ISL_11521406_S1_L001,C19955T
BA_2_omicron_EPI_ISL_11521406_S1_L001,A20055G
BA_2_omicron_EPI_ISL_11521406_S1_L001,C21618T
BA_2_omicron_EPI_ISL_11521406_S1_L001,G21987A
BA_2_omicron_EPI_ISL_11521406_S1_L001,G22578A
BA_2_omicron_EPI_ISL_11521406_S1_L001,C22674T
BA_2_omicron_EPI_ISL_11521406_S1_L001,T22679C
BA_2_omicron_EPI_ISL_11521406_S1_L001,C22686T
BA_2_omicron_EPI_ISL_11521406_S1_L001,A22688G
BA_2_omicron_EPI_ISL_11521406_S1_L001,G22775A
BA_2_omicron_EPI_ISL_11521406_S1_L001,G22813T
BA_2_omicron_EPI_ISL_11521406_S1_L001,T22882G
BA_2_omicron_EPI_ISL_11521406_S1_L001,G22992A
BA_2_omicron_EPI_ISL_11521406_S1_L001,C22995A
BA_2_omicron_EPI_ISL_11521406_S1_L001,A23013C
BA_2_omicron_EPI_ISL_11521406_S1_L001,A23040G
BA_2_omicron_EPI_ISL_11521406_S1_L001,A23055G
BA_2_omicron_EPI_ISL_11521406_S1_L001,A23063T
BA_2_omicron_EPI_ISL_11521406_S1_L001,T23075C
BA_2_omicron_EPI_ISL_11521406_S1_L001,A23403G
BA_2_omicron_EPI_ISL_11521406_S1_L001,C23525T
BA_2_omicron_EPI_ISL_11521406_S1_L001,T23599G
BA_2_omicron_EPI_ISL_11521406_S1_L001,C23604A
BA_2_omicron_EPI_ISL_11521406_S1_L001,C23854A
BA_2_omicron_EPI_ISL_11521406_S1_L001,G23948T
BA_2_omicron_EPI_ISL_11521406_S1_L001,A24424T
BA_2_omicron_EPI_ISL_11521406_S1_L001,T24469A
BA_2_omicron_EPI_ISL_11521406_S1_L001,C25000T
BA_2_omicron_EPI_ISL_11521406_S1_L001,C25584T
BA_2_omicron_EPI_ISL_11521406_S1_L001,C26060T
BA_2_omicron_EPI_ISL_11521406_S1_L001,C26270T
BA_2_omicron_EPI_ISL_11521406_S1_L001,C26577G
BA_2_omicron_EPI_ISL_11521406_S1_L001,G26709A
BA_2_omicron_EPI_ISL_11521406_S1_L001,C26858T
BA_2_omicron_EPI_ISL_11521406_S1_L001,A27259C
BA_2_omicron_EPI_ISL_11521406_S1_L001,G27382C
BA_2_omicron_EPI_ISL_11521406_S1_L001,A27383T
BA_2_omicron_EPI_ISL_11521406_S1_L001,T27384C
BA_2_omicron_EPI_ISL_11521406_S1_L001,C27807T
BA_2_omicron_EPI_ISL_11521406_S1_L001,A28271T
BA_2_omicron_EPI_ISL_11521406_S1_L001,C28311T
BA_2_omicron_EPI_ISL_11521406_S1_L001,G28881A
BA_2_omicron_EPI_ISL_11521406_S1_L001,G28882A
BA_2_omicron_EPI_ISL_11521406_S1_L001,G28883C
BA_2_omicron_EPI_ISL_11521406_S1_L001,A29510C
XBB_omicron_EPI_ISL_15579518_S1_L001,C241T
XBB_omicron_EPI_ISL_15579518_S1_L001,A405G
XBB_omicron_EPI_ISL_15579518_S1_L001,G510A
XBB_omicron_EPI_ISL_15579518_S1_L001,T670G
XBB_omicron_EPI_ISL_15579518_S1_L001,C2790T
XBB_omicron_EPI_ISL_15579518_S1_L001,C3037T
XBB_omicron_EPI_ISL_15579518_S1_L001,G3582A
XBB_omicron_EPI_ISL_15579518_S1_L001,G4184A
XBB_omicron_EPI_ISL_15579518_S1_L001,C4321T
XBB_omicron_EPI_ISL_15579518_S1_L001,C5736T
XBB_omicron_EPI_ISL_15579518_S1_L001,C9344T
XBB_omicron_EPI_ISL_15579518_S1_L001,A9424G
XBB_omicron_EPI_ISL_15579518_S1_L001,C9534T
XBB_omicron_EPI_ISL_15579518_S1_L001,C9866T
XBB_omicron_EPI_ISL_15579518_S1_L001,C10029T
XBB_omicron_EPI_ISL_15579518_S1_L001,C10198T
XBB_omicron_EPI_ISL_15579518_S1_L001,G10447A
XBB_omicron_EPI_ISL_15579518_S1_L001,C10449A
XBB_omicron_EPI_ISL_15579518_S1_L001,C10507T
XBB_omicron_EPI_ISL_15579518_S1_L001,T11288A
XBB_omicron_EPI_ISL_15579518_S1_L001,C12880T
XBB_omicron_EPI_ISL_15579518_S1_L001,C14408T
XBB_omicron_EPI_ISL_15579518_S1_L001,G15451A
XBB_omicron_EPI_ISL_15579518_S1_L001,C15714T
XBB_omicron_EPI_ISL_15579518_S1_L001,C15738T
XBB_omicron_EPI_ISL_15579518_S1_L001,T15939C
XBB_omicron_EPI_ISL_15579518_S1_L001,T16342C
XBB_omicron_EPI_ISL_15579518_S1_L001,C17410T
XBB_omicron_EPI_ISL_15579518_S1_L001,T17859C
XBB_omicron_EPI_ISL_15579518_S1_L001,A18163G
XBB_omicron_EPI_ISL_15579518_S1_L001,A19326G
XBB_omicron_EPI_ISL_15579518_S1_L001,C19955T
XBB_omicron_EPI_ISL_15579518_S1_L001,A20055G
XBB_omicron_EPI_ISL_15579518_S1_L001,T21810C
XBB_omicron_EPI_ISL_15579518_S1_L001,G21987A
XBB_omicron_EPI_ISL_15579518_S1_L001,C22000A
XBB_omicron_EPI_ISL_15579518_S1_L001,C22109G
XBB_omicron_EPI_ISL_15579518_S1_L001,T22200A
XBB_omicron_EPI_ISL_15579518_S1_L001,G22577C
XBB_omicron_EPI_ISL_15579518_S1_L001,G22578A
XBB_omicron_EPI_ISL_15579518_S1_L001,G22599C
XBB_omicron_EPI_ISL_15579518_S1_L001,C22664A
XBB_omicron_EPI_ISL_15579518_S1_L001,C22674T
XBB_omicron_EPI_ISL_15579518_S1_L001,T22679C
XBB_omicron_EPI_ISL_15579518_S1_L001,C22686T
XBB_omicron_EPI_ISL_15579518_S1_L001,A22688G
XBB_omicron_EPI_ISL_15579518_S1_L001,G22775A
XBB_omicron_EPI_ISL_15579518_S1_L001,A22786C
XBB_omicron_EPI_ISL_15579518_S1_L001,G22813T
XBB_omicron_EPI_ISL_15579518_S1_L001,T22882G
XBB_omicron_EPI_ISL_15579518_S1_L001,G22895C
XBB_omicron_EPI_ISL_15579518_S1_L001,T22896C
XBB_omicron_EPI_ISL_15579518_S1_L001,G22898A
XBB_omicron_EPI_ISL_15579518_S1_L001,T22942G
XBB_omicron_EPI_ISL_15579518_S1_L001,G22992A
XBB_omicron_EPI_ISL_15579518_S1_L001,C22995A
XBB_omicron_EPI_ISL_15579518_S1_L001,A23013C
XBB_omicron_EPI_ISL_15579518_S1_L001,T23019C
XBB_omicron_EPI_ISL_15579518_S1_L001,T23031C
XBB_omicron_EPI_ISL_15579518_S1_L001,A23055G
XBB_omicron_EPI_ISL_15579518_S1_L001,A23063T
XBB_omicron_EPI_ISL_15579518_S1_L001,T23075C
XBB_omicron_EPI_ISL_15579518_S1_L001,A23403G
XBB_omicron_EPI_ISL_15579518_S1_L001,C23525T
XBB_omicron_EPI_ISL_15579518_S1_L001,T23599G
XBB_omicron_EPI_ISL_15579518_S1_L001,C23604A
XBB_omicron_EPI_ISL_15579518_S1_L001,C23854A
XBB_omicron_EPI_ISL_15579518_S1_L001,G23948T
XBB_omicron_EPI_ISL_15579518_S1_L001,A24424T
XBB_omicron_EPI_ISL_15579518_S1_L001,T24469A
XBB_omicron_EPI_ISL_15579518_S1_L001,C25000T
XBB_omicron_EPI_ISL_15579518_S1_L001,C25416T
XBB_omicron_EPI_ISL_15579518_S1_L001,C25584T
XBB_omicron_EPI_ISL_15579518_S1_L001,C26060T
XBB_omicron_EPI_ISL_15579518_S1_L001,C26270T
XBB_omicron_EPI_ISL_15579518_S1_L001,A26275G
XBB_omicron_EPI_ISL_15579518_S1_L001,C26577G
XBB_omicron_EPI_ISL_15579518_S1_L001,G26709A
XBB_omicron_EPI_ISL_15579518_S1_L001,C26858T
XBB_omicron_EPI_ISL_15579518_S1_L001,A27259C
XBB_omicron_EPI_ISL_15579518_S1_L001,G27382C
XBB_omicron_EPI_ISL_15579518_S1_L001,A27383T
XBB_omicron_EPI_ISL_15579518_S1_L001,T27384C
XBB_omicron_EPI_ISL_15579518_S1_L001,C27807T
XBB_omicron_EPI_ISL_15579518_S1_L001,A28271T
XBB_omicron_EPI_ISL_15579518_S1_L001,C28311T
XBB_omicron_EPI_ISL_15579518_S1_L001,C28550A
XBB_omicron_EPI_ISL_15579518_S1_L001,G28881A
XBB_omicron_EPI_ISL_15579518_S1_L001,G28882A
XBB_omicron_EPI_ISL_15579518_S1_L001,G28883C
XBB_omicron_EPI_ISL_15579518_S1_L001,C29095T
XBB_omicron_EPI_ISL_15579518_S1_L001,A29510C
B_1_640_1_EPI_ISL_6370559_S1_L001,C241T
B_1_640_1_EPI_ISL_6370559_S1_L001,C601T
B_1_640_1_EPI_ISL_6370559_S1_L001,C1191T
B_1_640_1_EPI_ISL_6370559_S1_L001,A1620G
B_1_640_1_EPI_ISL_6370559_S1_L001,C2416T
B_1_640_1_EPI_ISL_6370559_S1_L001,C2455T
B_1_640_1_EPI_ISL_6370559_S1_L001,C3037T
B_1_640_1_EPI_ISL_6370559_S1_L001,G6622T
B_1_640_1_EPI_ISL_6370559_S1_L001,G7328T
B_1_640_1_EPI_ISL_6370559_S1_L001,C9711T
B_1_640_1_EPI_ISL_6370559_S1_L001,G9756A
B_1_640_1_EPI_ISL_6370559_S1_L001,C10029T
B_1_640_1_EPI_ISL_6370559_S1_L001,T11418C
B_1_640_1_EPI_ISL_6370559_S1_L001,C11956T
B_1_640_1_EPI_ISL_6370559_S1_L001,C14408T
B_1_640_1_EPI_ISL_6370559_S1_L001,C16575T
B_1_640_1_EPI_ISL_6370559_S1_L001,C16869T
B_1_640_1_EPI_ISL_6370559_S1_L001,T20124C
B_1_640_1_EPI_ISL_6370559_S1_L001,C20283T
B_1_640_1_EPI_ISL_6370559_S1_L001,C21588T
B_1_640_1_EPI_ISL_6370559_S1_L001,G21848C
B_1_640_1_EPI_ISL_6370559_S1_L001,G21987A
B_1_640_1_EPI_ISL_6370559_S1_L001,A21993T
B_1_640_1_EPI_ISL_6370559_S1_L001,G22132T
B_1_640_1_EPI_ISL_6370559_S1_L001,T22191C
B_1_640_1_EPI_ISL_6370559_S1_L001,A22600C
B_1_640_1_EPI_ISL_6370559_S1_L001,A22743G
B_1_640_1_EPI_ISL_6370559_S1_L001,T22907A
B_1_640_1_EPI_ISL_6370559_S1_L001,T23030C
B_1_640_1_EPI_ISL_6370559_S1_L001,T23031G
B_1_640_1_EPI_ISL_6370559_S1_L001,A23063T
B_1_640_1_EPI_ISL_6370559_S1_L001,A23403G
B_1_640_1_EPI_ISL_6370559_S1_L001,C23604A
B_1_640_1_EPI_ISL_6370559_S1_L001,G23948T
B_1_640_1_EPI_ISL_6370559_S1_L001,C24138A
B_1_640_1_EPI_ISL_6370559_S1_L001,G24368C
B_1_640_1_EPI_ISL_6370559_S1_L001,C25487T
B_1_640_1_EPI_ISL_6370559_S1_L001,G25563T
B_1_640_1_EPI_ISL_6370559_S1_L001,A26492T
B_1_640_1_EPI_ISL_6370559_S1_L001,T26767C
B_1_640_1_EPI_ISL_6370559_S1_L001,C27513T
B_1_640_1_EPI_ISL_6370559_S1_L001,C27807T
B_1_640_1_EPI_ISL_6370559_S1_L001,C27972T
B_1_640_1_EPI_ISL_6370559_S1_L001,A28274T
B_1_640_1_EPI_ISL_6370559_S1_L001,T28297C
B_1_640_1_EPI_ISL_6370559_S1_L001,G28337T
B_1_640_1_EPI_ISL_6370559_S1_L001,C28887T
B_1_640_1_EPI_ISL_6370559_S1_L001,T29377C
B_1_640_1_EPI_ISL_6370559_S1_L001,G29405C
B_1_640_1_EPI_ISL_6370559_S1_L001,T29753C
B_1_640_1_EPI_ISL_6370559_S1_L001,T29758G
B_1_640_1_EPI_ISL_6370559_S1_L001,G29779T
BA_2_omicron_EPI_ISL_17009988_S1_L001,C241T
BA_2_omicron_EPI_ISL_17009988_S1_L001,T670G
BA_2_omicron_EPI_ISL_17009988_S1_L001,T886C
BA_2_omicron_EPI_ISL_17009988_S1_L001,C2790T
BA_2_omicron_EPI_ISL_17009988_S1_L001,C3037T
BA_2_omicron_EPI_ISL_17009988_S1_L001,G3871T
BA_2_omicron_EPI_ISL_17009988_S1_L001,G4184A
BA_2_omicron_EPI_ISL_17009988_S1_L001,C4321T
BA_2_omicron_EPI_ISL_17009988_S1_L001,C9344T
BA_2_omicron_EPI_ISL_17009988_S1_L001,A9424G
BA_2_omicron_EPI_ISL_17009988_S1_L001,C9534T
BA_2_omicron_EPI_ISL_17009988_S1_L001,C9866T
BA_2_omicron_EPI_ISL_17009988_S1_L001,C10029T
BA_2_omicron_EPI_ISL_17009988_S1_L001,C10198T
BA_2_omicron_EPI_ISL_17009988_S1_L001,G10447A
BA_2_omicron_EPI_ISL_17009988_S1_L001,C10449A
BA_2_omicron_EPI_ISL_17009988_S1_L001,T11296G
BA_2_omicron_EPI_ISL_17009988_S1_L001,A12286G
BA_2_omicron_EPI_ISL_17009988_S1_L001,C12880T
BA_2_omicron_EPI_ISL_17009988_S1_L001,C14408T
BA_2_omicron_EPI_ISL_17009988_S1_L001,C15714T
BA_2_omicron_EPI_ISL_17009988_S1_L001,C17410T
BA_2_omicron_EPI_ISL_17009988_S1_L001,A18163G
BA_2_omicron_EPI_ISL_17009988_S1_L001,C19955T
BA_2_omicron_EPI_ISL_17009988_S1_L001,A20055G
BA_2_omicron_EPI_ISL_17009988_S1_L001,C21618T
BA_2_omicron_EPI_ISL_17009988_S1_L001,G21987A
BA_2_omicron_EPI_ISL_17009988_S1_L001,G22578A
BA_2_omicron_EPI_ISL_17009988_S1_L001,C22674T
BA_2_omicron_EPI_ISL_17009988_S1_L001,T22679C
BA_2_omicron_EPI_ISL_17009988_S1_L001,C22686T
BA_2_omicron_EPI_ISL_17009988_S1_L001,A22688G
BA_2_omicron_EPI_ISL_17009988_S1_L001,G22775A
BA_2_omicron_EPI_ISL_17009988_S1_L001,A22812C
BA_2_omicron_EPI_ISL_17009988_S1_L001,G22813T
BA_2_omicron_EPI_ISL_17009988_S1_L001,T22882G
BA_2_omicron_EPI_ISL_17009988_S1_L001,C22978T
BA_2_omicron_EPI_ISL_17009988_S1_L001,G22992A
BA_2_omicron_EPI_ISL_17009988_S1_L001,C22995A
BA_2_omicron_EPI_ISL_17009988_S1_L001,A23013C
BA_2_omicron_EPI_ISL_17009988_S1_L001,A23040G
BA_2_omicron_EPI_ISL_17009988_S1_L001,A23055G
BA_2_omicron_EPI_ISL_17009988_S1_L001,A23063T
BA_2_omicron_EPI_ISL_17009988_S1_L001,T23075C
BA_2_omicron_EPI_ISL_17009988_S1_L001,A23403G
BA_2_omicron_EPI_ISL_17009988_S1_L001,C23525T
BA_2_omicron_EPI_ISL_17009988_S1_L001,T23599G
BA_2_omicron_EPI_ISL_17009988_S1_L001,C23604A
BA_2_omicron_EPI_ISL_17009988_S1_L001,C23854A
BA_2_omicron_EPI_ISL_17009988_S1_L001,G23948T
BA_2_omicron_EPI_ISL_17009988_S1_L001,A24424T
BA_2_omicron_EPI_ISL_17009988_S1_L001,T24469A
BA_2_omicron_EPI_ISL_17009988_S1_L001,C25000T
BA_2_omicron_EPI_ISL_17009988_S1_L001,T25248C
BA_2_omicron_EPI_ISL_17009988_S1_L001,C25416T
BA_2_omicron_EPI_ISL_17009988_S1_L001,C25584T
BA_2_omicron_EPI_ISL_17009988_S1_L001,C26060T
BA_2_omicron_EPI_ISL_17009988_S1_L001,C26270T
BA_2_omicron_EPI_ISL_17009988_S1_L001,C26577G
BA_2_omicron_EPI_ISL_17009988_S1_L001,G26709A
BA_2_omicron_EPI_ISL_17009988_S1_L001,C26858T
BA_2_omicron_EPI_ISL_17009988_S1_L001,A27259C
BA_2_omicron_EPI_ISL_17009988_S1_L001,G27382C
BA_2_omicron_EPI_ISL_17009988_S1_L001,A27383T
BA_2_omicron_EPI_ISL_17009988_S1_L001,T27384C
BA_2_omicron_EPI_ISL_17009988_S1_L001,C27807T
BA_2_omicron_EPI_ISL_17009988_S1_L001,A28271T
BA_2_omicron_EPI_ISL_17009988_S1_L001,C28311T
BA_2_omicron_EPI_ISL_17009988_S1_L001,A28370G
BA_2_omicron_EPI_ISL_17009988_S1_L001,G28817A
BA_2_omicron_EPI_ISL_17009988_S1_L001,G28881A
BA_2_omicron_EPI_ISL_17009988_S1_L001,G28882A
BA_2_omicron_EPI_ISL_17009988_S1_L001,G28883C
BA_2_omicron_EPI_ISL_17009988_S1_L001,A29510C
BA_2_omicron_EPI_ISL_17009988_S1_L001,G29779T
B_1_1_7_alpha_EPI_ISL_1210624_S1_L001,C241T
B_1_1_7_alpha_EPI_ISL_1210624_S1_L001,C913T
B_1_1_7_alpha_EPI_ISL_1210624_S1_L001,C3037T
B_1_1_7_alpha_EPI_ISL_1210624_S1_L001,C3267T
B_1_1_7_alpha_EPI_ISL_1210624_S1_L001,C5388A
B_1_1_7_alpha_EPI_ISL_1210624_S1_L001,C5986T
B_1_1_7_alpha_EPI_ISL_1210624_S1_L001,T6954C
B_1_1_7_alpha_EPI_ISL_1210624_S1_L001,T11296G
B_1_1_7_alpha_EPI_ISL_1210624_S1_L001,C12784T
B_1_1_7_alpha_EPI_ISL_1210624_S1_L001,C14408T
B_1_1_7_alpha_EPI_ISL_1210624_S1_L001,C14676T
B_1_1_7_alpha_EPI_ISL_1210624_S1_L001,C15279T
B_1_1_7_alpha_EPI_ISL_1210624_S1_L001,T16176C
B_1_1_7_alpha_EPI_ISL_1210624_S1_L001,A17615G
B_1_1_7_alpha_EPI_ISL_1210624_S1_L001,A19079G
B_1_1_7_alpha_EPI_ISL_1210624_S1_L001,C19854T
B_1_1_7_alpha_EPI_ISL_1210624_S1_L001,C21575T
B_1_1_7_alpha_EPI_ISL_1210624_S1_L001,C22227T
B_1_1_7_alpha_EPI_ISL_1210624_S1_L001,A23063T
B_1_1_7_alpha_EPI_ISL_1210624_S1_L001,C23271A
B_1_1_7_alpha_EPI_ISL_1210624_S1_L001,A23403G
B_1_1_7_alpha_EPI_ISL_1210624_S1_L001,C23604A
B_1_1_7_alpha_EPI_ISL_1210624_S1_L001,C23709T
B_1_1_7_alpha_EPI_ISL_1210624_S1_L001,T24506G
B_1_1_7_alpha_EPI_ISL_1210624_S1_L001,G24914C
B_1_1_7_alpha_EPI_ISL_1210624_S1_L001,G26951C
B_1_1_7_alpha_EPI_ISL_1210624_S1_L001,C27972T
B_1_1_7_alpha_EPI_ISL_1210624_S1_L001,G28048T
B_1_1_7_alpha_EPI_ISL_1210624_S1_L001,A28111G
B_1_1_7_alpha_EPI_ISL_1210624_S1_L001,C28253T
B_1_1_7_alpha_EPI_ISL_1210624_S1_L001,T28282A
B_1_1_7_alpha_EPI_ISL_1210624_S1_L001,C28744T
B_1_1_7_alpha_EPI_ISL_1210624_S1_L001,G28881A
B_1_1_7_alpha_EPI_ISL_1210624_S1_L001,G28882A
B_1_1_7_alpha_EPI_ISL_1210624_S1_L001,G28883C
B_1_1_7_alpha_EPI_ISL_1210624_S1_L001,C28977T
P_1_gamma_EPI_ISL_1196991_S1_L001,C241T
P_1_gamma_EPI_ISL_1196991_S1_L001,T733C
P_1_gamma_EPI_ISL_1196991_S1_L001,C2749T
P_1_gamma_EPI_ISL_1196991_S1_L001,C3037T
P_1_gamma_EPI_ISL_1196991_S1_L001,C3828T
P_1_gamma_EPI_ISL_1196991_S1_L001,A5648C
P_1_gamma_EPI_ISL_1196991_S1_L001,A6319G
P_1_gamma_EPI_ISL_1196991_S1_L001,A6613G
P_1_gamma_EPI_ISL_1196991_S1_L001,G11291A
P_1_gamma_EPI_ISL_1196991_S1_L001,T11296G
P_1_gamma_EPI_ISL_1196991_S1_L001,C12778T
P_1_gamma_EPI_ISL_1196991_S1_L001,T13851C
P_1_gamma_EPI_ISL_1196991_S1_L001,C13860T
P_1_gamma_EPI_ISL_1196991_S1_L001,C14408T
P_1_gamma_EPI_ISL_1196991_S1_L001,G17259T
P_1_gamma_EPI_ISL_1196991_S1_L001,A21137G
P_1_gamma_EPI_ISL_1196991_S1_L001,C21614T
P_1_gamma_EPI_ISL_1196991_S1_L001,C21621A
P_1_gamma_EPI_ISL_1196991_S1_L001,C21638T
P_1_gamma_EPI_ISL_1196991_S1_L001,G21974T
P_1_gamma_EPI_ISL_1196991_S1_L001,G22132T
P_1_gamma_EPI_ISL_1196991_S1_L001,A22812C
P_1_gamma_EPI_ISL_1196991_S1_L001,G23012A
P_1_gamma_EPI_ISL_1196991_S1_L001,A23063T
P_1_gamma_EPI_ISL_1196991_S1_L001,A23403G
P_1_gamma_EPI_ISL_1196991_S1_L001,C23525T
P_1_gamma_EPI_ISL_1196991_S1_L001,C24642T
P_1_gamma_EPI_ISL_1196991_S1_L001,C24919T
P_1_gamma_EPI_ISL_1196991_S1_L001,G25088T
P_1_gamma_EPI_ISL_1196991_S1_L001,T26149C
P_1_gamma_EPI_ISL_1196991_S1_L001,G28167A
P_1_gamma_EPI_ISL_1196991_S1_L001,C28512G
P_1_gamma_EPI_ISL_1196991_S1_L001,G28881A
BA_2_omicron_EPI_ISL_9176026_S1_L001,C241T
BA_2_omicron_EPI_ISL_9176026_S1_L001,T670G
BA_2_omicron_EPI_ISL_9176026_S1_L001,C2790T
BA_2_omicron_EPI_ISL_9176026_S1_L001,C3037T
BA_2_omicron_EPI_ISL_9176026_S1_L001,G4184A
BA_2_omicron_EPI_ISL_9176026_S1_L001,C4321T
BA_2_omicron_EPI_ISL_9176026_S1_L001,C9344T
BA_2_omicron_EPI_ISL_9176026_S1_L001,A9424G
BA_2_omicron_EPI_ISL_9176026_S1_L001,C9534T
BA_2_omicron_EPI_ISL_9176026_S1_L001,C9866T
BA_2_omicron_EPI_ISL_9176026_S1_L001,C10029T
BA_2_omicron_EPI_ISL_9176026_S1_L001,C10198T
BA_2_omicron_EPI_ISL_9176026_S1_L001,G10447A
BA_2_omicron_EPI_ISL_9176026_S1_L001,C10449A
BA_2_omicron_EPI_ISL_9176026_S1_L001,T11296G
BA_2_omicron_EPI_ISL_9176026_S1_L001,C12880T
BA_2_omicron_EPI_ISL_9176026_S1_L001,C14408T
BA_2_omicron_EPI_ISL_9176026_S1_L001,C15714T
BA_2_omicron_EPI_ISL_9176026_S1_L001,T16342C
BA_2_omicron_EPI_ISL_9176026_S1_L001,C17410T
BA_2_omicron_EPI_ISL_9176026_S1_L001,A18163G
BA_2_omicron_EPI_ISL_9176026_S1_L001,C19955T
BA_2_omicron_EPI_ISL_9176026_S1_L001,A20055G
BA_2_omicron_EPI_ISL_9176026_S1_L001,C21618T
BA_2_omicron_EPI_ISL_9176026_S1_L001,G21987A
BA_2_omicron_EPI_ISL_9176026_S1_L001,T22200G
BA_2_omicron_EPI_ISL_9176026_S1_L001,G22578A
BA_2_omicron_EPI_ISL_9176026_S1_L001,C22674T
BA_2_omicron_EPI_ISL_9176026_S1_L001,T22679C
BA_2_omicron_EPI_ISL_9176026_S1_L001,C22686T
BA_2_omicron_EPI_ISL_9176026_S1_L001,A22688G
BA_2_omicron_EPI_ISL_9176026_S1_L001,G22775A
BA_2_omicron_EPI_ISL_9176026_S1_L001,A22786C
BA_2_omicron_EPI_ISL_9176026_S1_L001,G22813T
BA_2_omicron_EPI_ISL_9176026_S1_L001,T22882G
BA_2_omicron_EPI_ISL_9176026_S1_L001,G22992A
BA_2_omicron_EPI_ISL_9176026_S1_L001,C22995A
BA_2_omicron_EPI_ISL_9176026_S1_L001,A23013C
BA_2_omicron_EPI_ISL_9176026_S1_L001,A23040G
BA_2_omicron_EPI_ISL_9176026_S1_L001,A23055G
BA_2_omicron_EPI_ISL_9176026_S1_L001,A23063T
BA_2_omicron_EPI_ISL_9176026_S1_L001,T23075C
BA_2_omicron_EPI_ISL_9176026_S1_L001,A23403G
BA_2_omicron_EPI_ISL_9176026_S1_L001,C23525T
BA_2_omicron_EPI_ISL_9176026_S1_L001,T23599G
BA_2_omicron_EPI_ISL_9176026_S1_L001,C23604A
BA_2_omicron_EPI_ISL_9176026_S1_L001,C23854A
BA_2_omicron_EPI_ISL_9176026_S1_L001,G23948T
BA_2_omicron_EPI_ISL_9176026_S1_L001,A24424T
BA_2_omicron_EPI_ISL_9176026_S1_L001,T24469A
BA_2_omicron_EPI_ISL_9176026_S1_L001,G24757T
BA_2_omicron_EPI_ISL_9176026_S1_L001,C25000T
BA_2_omicron_EPI_ISL_9176026_S1_L001,C25584T
BA_2_omicron_EPI_ISL_9176026_S1_L001,C26060T
BA_2_omicron_EPI_ISL_9176026_S1_L001,C26270T
BA_2_omicron_EPI_ISL_9176026_S1_L001,C26577G
BA_2_omicron_EPI_ISL_9176026_S1_L001,G26709A
BA_2_omicron_EPI_ISL_9176026_S1_L001,C26858T
BA_2_omicron_EPI_ISL_9176026_S1_L001,A27259C
BA_2_omicron_EPI_ISL_9176026_S1_L001,G27382C
BA_2_omicron_EPI_ISL_9176026_S1_L001,A27383T
BA_2_omicron_EPI_ISL_9176026_S1_L001,T27384C
BA_2_omicron_EPI_ISL_9176026_S1_L001,C27807T
BA_2_omicron_EPI_ISL_9176026_S1_L001,A28271T
BA_2_omicron_EPI_ISL_9176026_S1_L001,C28311T
BA_2_omicron_EPI_ISL_9176026_S1_L001,A28363T
BA_2_omicron_EPI_ISL_9176026_S1_L001,C28367T
BA_2_omicron_EPI_ISL_9176026_S1_L001,G28881A
BA_2_omicron_EPI_ISL_9176026_S1_L001,G28882A
BA_2_omicron_EPI_ISL_9176026_S1_L001,G28883C
BA_2_omicron_EPI_ISL_9176026_S1_L001,A29510C
B_1_1_7_alpha_EPI_ISL_1144409_S1_L001,C241T
B_1_1_7_alpha_EPI_ISL_1144409_S1_L001,C913T
B_1_1_7_alpha_EPI_ISL_1144409_S1_L001,C3037T
B_1_1_7_alpha_EPI_ISL_1144409_S1_L001,C3267T
B_1_1_7_alpha_EPI_ISL_1144409_S1_L001,C5388A
B_1_1_7_alpha_EPI_ISL_1144409_S1_L001,C5986T
B_1_1_7_alpha_EPI_ISL_1144409_S1_L001,T6954C
B_1_1_7_alpha_EPI_ISL_1144409_S1_L001,G7996T
B_1_1_7_alpha_EPI_ISL_1144409_S1_L001,A9377G
B_1_1_7_alpha_EPI_ISL_1144409_S1_L001,G11291A
B_1_1_7_alpha_EPI_ISL_1144409_S1_L001,T11296G
B_1_1_7_alpha_EPI_ISL_1144409_S1_L001,C14408T
B_1_1_7_alpha_EPI_ISL_1144409_S1_L001,C14676T
B_1_1_7_alpha_EPI_ISL_1144409_S1_L001,C15279T
B_1_1_7_alpha_EPI_ISL_1144409_S1_L001,T16176C
B_1_1_7_alpha_EPI_ISL_1144409_S1_L001,A17615G
B_1_1_7_alpha_EPI_ISL_1144409_S1_L001,A23063T
B_1_1_7_alpha_EPI_ISL_1144409_S1_L001,C23271A
B_1_1_7_alpha_EPI_ISL_1144409_S1_L001,A23403G
B_1_1_7_alpha_EPI_ISL_1144409_S1_L001,C23604A
B_1_1_7_alpha_EPI_ISL_1144409_S1_L001,C23709T
B_1_1_7_alpha_EPI_ISL_1144409_S1_L001,T24506G
B_1_1_7_alpha_EPI_ISL_1144409_S1_L001,G24914C
B_1_1_7_alpha_EPI_ISL_1144409_S1_L001,C27741T
B_1_1_7_alpha_EPI_ISL_1144409_S1_L001,C27972T
B_1_1_7_alpha_EPI_ISL_1144409_S1_L001,G28048T
B_1_1_7_alpha_EPI_ISL_1144409_S1_L001,A28111G
B_1_1_7_alpha_EPI_ISL_1144409_S1_L001,G28881A
B_1_1_7_alpha_EPI_ISL_1144409_S1_L001,G28882A
B_1_1_7_alpha_EPI_ISL_1144409_S1_L001,G28883C
B_1_1_7_alpha_EPI_ISL_1144409_S1_L001,C28977T
BA_5_omicron_EPI_ISL_15195176_S1_L001,G199A
BA_5_omicron_EPI_ISL_15195176_S1_L001,C241T
BA_5_omicron_EPI_ISL_15195176_S1_L001,T670G
BA_5_omicron_EPI_ISL_15195176_S1_L001,A1378G
BA_5_omicron_EPI_ISL_15195176_S1_L001,C1627T
BA_5_omicron_EPI_ISL_15195176_S1_L001,C2790T
BA_5_omicron_EPI_ISL_15195176_S1_L001,C3037T
BA_5_omicron_EPI_ISL_15195176_S1_L001,G4184A
BA_5_omicron_EPI_ISL_15195176_S1_L001,C4321T
BA_5_omicron_EPI_ISL_15195176_S1_L001,C7113T
BA_5_omicron_EPI_ISL_15195176_S1_L001,G8653T
BA_5_omicron_EPI_ISL_15195176_S1_L001,C9344T
BA_5_omicron_EPI_ISL_15195176_S1_L001,A9424G
BA_5_omicron_EPI_ISL_15195176_S1_L001,C9534T
BA_5_omicron_EPI_ISL_15195176_S1_L001,C10029T
BA_5_omicron_EPI_ISL_15195176_S1_L001,C10198T
BA_5_omicron_EPI_ISL_15195176_S1_L001,G10447A
BA_5_omicron_EPI_ISL_15195176_S1_L001,C10449A
BA_5_omicron_EPI_ISL_15195176_S1_L001,G12160A
BA_5_omicron_EPI_ISL_15195176_S1_L001,C12880T
BA_5_omicron_EPI_ISL_15195176_S1_L001,C14408T
BA_5_omicron_EPI_ISL_15195176_S1_L001,C15714T
BA_5_omicron_EPI_ISL_15195176_S1_L001,T16449C
BA_5_omicron_EPI_ISL_15195176_S1_L001,C17410T
BA_5_omicron_EPI_ISL_15195176_S1_L001,A18163G
BA_5_omicron_EPI_ISL_15195176_S1_L001,C19955T
BA_5_omicron_EPI_ISL_15195176_S1_L001,A20055G
BA_5_omicron_EPI_ISL_15195176_S1_L001,C21618T
BA_5_omicron_EPI_ISL_15195176_S1_L001,G21987A
BA_5_omicron_EPI_ISL_15195176_S1_L001,T22200G
BA_5_omicron_EPI_ISL_15195176_S1_L001,G22578A
BA_5_omicron_EPI_ISL_15195176_S1_L001,C22674T
BA_5_omicron_EPI_ISL_15195176_S1_L001,T22679C
BA_5_omicron_EPI_ISL_15195176_S1_L001,C22686T
BA_5_omicron_EPI_ISL_15195176_S1_L001,A22688G
BA_5_omicron_EPI_ISL_15195176_S1_L001,G22775A
BA_5_omicron_EPI_ISL_15195176_S1_L001,A22786C
BA_5_omicron_EPI_ISL_15195176_S1_L001,G22813T
BA_5_omicron_EPI_ISL_15195176_S1_L001,T22882G
BA_5_omicron_EPI_ISL_15195176_S1_L001,T22917G
BA_5_omicron_EPI_ISL_15195176_S1_L001,G22992A
BA_5_omicron_EPI_ISL_15195176_S1_L001,C22995A
BA_5_omicron_EPI_ISL_15195176_S1_L001,A23013C
BA_5_omicron_EPI_ISL_15195176_S1_L001,T23018G
BA_5_omicron_EPI_ISL_15195176_S1_L001,A23055G
BA_5_omicron_EPI_ISL_15195176_S1_L001,A23063T
BA_5_omicron_EPI_ISL_15195176_S1_L001,T23075C
BA_5_omicron_EPI_ISL_15195176_S1_L001,A23403G
BA_5_omicron_EPI_ISL_15195176_S1_L001,C23525T
BA_5_omicron_EPI_ISL_15195176_S1_L001,T23599G
BA_5_omicron_EPI_ISL_15195176_S1_L001,C23604A
BA_5_omicron_EPI_ISL_15195176_S1_L001,C23854A
BA_5_omicron_EPI_ISL_15195176_S1_L001,C23929T
BA_5_omicron_EPI_ISL_15195176_S1_L001,G23948T
BA_5_omicron_EPI_ISL_15195176_S1_L001,A24424T
BA_5_omicron_EPI_ISL_15195176_S1_L001,C24463T
BA_5_omicron_EPI_ISL_15195176_S1_L001,T24469A
BA_5_omicron_EPI_ISL_15195176_S1_L001,C25000T
BA_5_omicron_EPI_ISL_15195176_S1_L001,C25584T
BA_5_omicron_EPI_ISL_15195176_S1_L001,C26060T
BA_5_omicron_EPI_ISL_15195176_S1_L001,C26270T
BA_5_omicron_EPI_ISL_15195176_S1_L001,G26529A
BA_5_omicron_EPI_ISL_15195176_S1_L001,C26577G
BA_5_omicron_EPI_ISL_15195176_S1_L001,G26709A
BA_5_omicron_EPI_ISL_15195176_S1_L001,C27807T
BA_5_omicron_EPI_ISL_15195176_S1_L001,C27889T
BA_5_omicron_EPI_ISL_15195176_S1_L001,A28271T
BA_5_omicron_EPI_ISL_15195176_S1_L001,C28311T
BA_5_omicron_EPI_ISL_15195176_S1_L001,G28881A
BA_5_omicron_EPI_ISL_15195176_S1_L001,G28882A
BA_5_omicron_EPI_ISL_15195176_S1_L001,G28883C
BA_5_omicron_EPI_ISL_15195176_S1_L001,A29510C
BA_5_omicron_EPI_ISL_15195176_S1_L001,C29614T
BA_2_omicron_EPI_ISL_10746154_S1_L001,C241T
BA_2_omicron_EPI_ISL_10746154_S1_L001,T670G
BA_2_omicron_EPI_ISL_10746154_S1_L001,C2790T
BA_2_omicron_EPI_ISL_10746154_S1_L001,C3037T
BA_2_omicron_EPI_ISL_10746154_S1_L001,G4184A
BA_2_omicron_EPI_ISL_10746154_S1_L001,C4321T
BA_2_omicron_EPI_ISL_10746154_S1_L001,C9344T
BA_2_omicron_EPI_ISL_10746154_S1_L001,A9424G
BA_2_omicron_EPI_ISL_10746154_S1_L001,C9534T
BA_2_omicron_EPI_ISL_10746154_S1_L001,C9866T
BA_2_omicron_EPI_ISL_10746154_S1_L001,C10029T
BA_2_omicron_EPI_ISL_10746154_S1_L001,C10198T
BA_2_omicron_EPI_ISL_10746154_S1_L001,G10447A
BA_2_omicron_EPI_ISL_10746154_S1_L001,C10449A
BA_2_omicron_EPI_ISL_10746154_S1_L001,G11291A
BA_2_omicron_EPI_ISL_10746154_S1_L001,T11296G
BA_2_omicron_EPI_ISL_10746154_S1_L001,C12880T
BA_2_omicron_EPI_ISL_10746154_S1_L001,C14408T
BA_2_omicron_EPI_ISL_10746154_S1_L001,C15714T
BA_2_omicron_EPI_ISL_10746154_S1_L001,T16342C
BA_2_omicron_EPI_ISL_10746154_S1_L001,C17410T
BA_2_omicron_EPI_ISL_10746154_S1_L001,A18163G
BA_2_omicron_EPI_ISL_10746154_S1_L001,C19955T
BA_2_omicron_EPI_ISL_10746154_S1_L001,A20055G
BA_2_omicron_EPI_ISL_10746154_S1_L001,C21005T
BA_2_omicron_EPI_ISL_10746154_S1_L001,A21526G
BA_2_omicron_EPI_ISL_10746154_S1_L001,C21618T
BA_2_omicron_EPI_ISL_10746154_S1_L001,G21987A
BA_2_omicron_EPI_ISL_10746154_S1_L001,T22200G
BA_2_omicron_EPI_ISL_10746154_S1_L001,G22578A
BA_2_omicron_EPI_ISL_10746154_S1_L001,C22674T
BA_2_omicron_EPI_ISL_10746154_S1_L001,T22679C
BA_2_omicron_EPI_ISL_10746154_S1_L001,C22686T
BA_2_omicron_EPI_ISL_10746154_S1_L001,A22688G
BA_2_omicron_EPI_ISL_10746154_S1_L001,G22775A
BA_2_omicron_EPI_ISL_10746154_S1_L001,A22786C
BA_2_omicron_EPI_ISL_10746154_S1_L001,G22813T
BA_2_omicron_EPI_ISL_10746154_S1_L001,T22882G
BA_2_omicron_EPI_ISL_10746154_S1_L001,G22992A
BA_2_omicron_EPI_ISL_10746154_S1_L001,C22995A
BA_2_omicron_EPI_ISL_10746154_S1_L001,A23013C
BA_2_omicron_EPI_ISL_10746154_S1_L001,A23040G
BA_2_omicron_EPI_ISL_10746154_S1_L001,A23055G
BA_2_omicron_EPI_ISL_10746154_S1_L001,A23063T
BA_2_omicron_EPI_ISL_10746154_S1_L001,T23075C
BA_2_omicron_EPI_ISL_10746154_S1_L001,A23403G
BA_2_omicron_EPI_ISL_10746154_S1_L001,C23525T
BA_2_omicron_EPI_ISL_10746154_S1_L001,T23599G
BA_2_omicron_EPI_ISL_10746154_S1_L001,C23604A
BA_2_omicron_EPI_ISL_10746154_S1_L001,C23854A
BA_2_omicron_EPI_ISL_10746154_S1_L001,G23948T
BA_2_omicron_EPI_ISL_10746154_S1_L001,A24424T
BA_2_omicron_EPI_ISL_10746154_S1_L001,T24469A
BA_2_omicron_EPI_ISL_10746154_S1_L001,C25000T
BA_2_omicron_EPI_ISL_10746154_S1_L001,C25584T
BA_2_omicron_EPI_ISL_10746154_S1_L001,C26060T
BA_2_omicron_EPI_ISL_10746154_S1_L001,C26270T
BA_2_omicron_EPI_ISL_10746154_S1_L001,C26577G
BA_2_omicron_EPI_ISL_10746154_S1_L001,G26709A
BA_2_omicron_EPI_ISL_10746154_S1_L001,C26858T
BA_2_omicron_EPI_ISL_10746154_S1_L001,A27259C
BA_2_omicron_EPI_ISL_10746154_S1_L001,G27382C
BA_2_omicron_EPI_ISL_10746154_S1_L001,A27383T
BA_2_omicron_EPI_ISL_10746154_S1_L001,T27384C
BA_2_omicron_EPI_ISL_10746154_S1_L001,C27807T
BA_2_omicron_EPI_ISL_10746154_S1_L001,A28271T
BA_2_omicron_EPI_ISL_10746154_S1_L001,C28311T
BA_2_omicron_EPI_ISL_10746154_S1_L001,G28881A
BA_2_omicron_EPI_ISL_10746154_S1_L001,G28882A
BA_2_omicron_EPI_ISL_10746154_S1_L001,G28883C
BA_2_omicron_EPI_ISL_10746154_S1_L001,A29510C
BA_5_omicron_EPI_ISL_15195192_S1_L001,G199A
BA_5_omicron_EPI_ISL_15195192_S1_L001,C241T
BA_5_omicron_EPI_ISL_15195192_S1_L001,T670G
BA_5_omicron_EPI_ISL_15195192_S1_L001,A1378G
BA_5_omicron_EPI_ISL_15195192_S1_L001,C1627T
BA_5_omicron_EPI_ISL_15195192_S1_L001,C2790T
BA_5_omicron_EPI_ISL_15195192_S1_L001,C3037T
BA_5_omicron_EPI_ISL_15195192_S1_L001,G4184A
BA_5_omicron_EPI_ISL_15195192_S1_L001,C4321T
BA_5_omicron_EPI_ISL_15195192_S1_L001,C4331T
BA_5_omicron_EPI_ISL_15195192_S1_L001,C7113T
BA_5_omicron_EPI_ISL_15195192_S1_L001,G8653T
BA_5_omicron_EPI_ISL_15195192_S1_L001,C9344T
BA_5_omicron_EPI_ISL_15195192_S1_L001,A9424G
BA_5_omicron_EPI_ISL_15195192_S1_L001,C9534T
BA_5_omicron_EPI_ISL_15195192_S1_L001,C10029T
BA_5_omicron_EPI_ISL_15195192_S1_L001,C10198T
BA_5_omicron_EPI_ISL_15195192_S1_L001,G10447A
BA_5_omicron_EPI_ISL_15195192_S1_L001,C10449A
BA_5_omicron_EPI_ISL_15195192_S1_L001,G12160A
BA_5_omicron_EPI_ISL_15195192_S1_L001,C12880T
BA_5_omicron_EPI_ISL_15195192_S1_L001,C14408T
BA_5_omicron_EPI_ISL_15195192_S1_L001,C15714T
BA_5_omicron_EPI_ISL_15195192_S1_L001,T16449C
BA_5_omicron_EPI_ISL_15195192_S1_L001,C17410T
BA_5_omicron_EPI_ISL_15195192_S1_L001,A18163G
BA_5_omicron_EPI_ISL_15195192_S1_L001,C19955T
BA_5_omicron_EPI_ISL_15195192_S1_L001,A20055G
BA_5_omicron_EPI_ISL_15195192_S1_L001,C21618T
BA_5_omicron_EPI_ISL_15195192_S1_L001,G21987A
BA_5_omicron_EPI_ISL_15195192_S1_L001,T22200G
BA_5_omicron_EPI_ISL_15195192_S1_L001,G22578A
BA_5_omicron_EPI_ISL_15195192_S1_L001,C22674T
BA_5_omicron_EPI_ISL_15195192_S1_L001,T22679C
BA_5_omicron_EPI_ISL_15195192_S1_L001,C22686T
BA_5_omicron_EPI_ISL_15195192_S1_L001,A22688G
BA_5_omicron_EPI_ISL_15195192_S1_L001,G22775A
BA_5_omicron_EPI_ISL_15195192_S1_L001,G22813T
BA_5_omicron_EPI_ISL_15195192_S1_L001,T22882G
BA_5_omicron_EPI_ISL_15195192_S1_L001,T22917G
BA_5_omicron_EPI_ISL_15195192_S1_L001,G22992A
BA_5_omicron_EPI_ISL_15195192_S1_L001,C22995A
BA_5_omicron_EPI_ISL_15195192_S1_L001,A23013C
BA_5_omicron_EPI_ISL_15195192_S1_L001,T23018G
BA_5_omicron_EPI_ISL_15195192_S1_L001,A23055G
BA_5_omicron_EPI_ISL_15195192_S1_L001,A23063T
BA_5_omicron_EPI_ISL_15195192_S1_L001,T23075C
BA_5_omicron_EPI_ISL_15195192_S1_L001,A23403G
BA_5_omicron_EPI_ISL_15195192_S1_L001,C23525T
BA_5_omicron_EPI_ISL_15195192_S1_L001,T23599G
BA_5_omicron_EPI_ISL_15195192_S1_L001,C23604A
BA_5_omicron_EPI_ISL_15195192_S1_L001,C23854A
BA_5_omicron_EPI_ISL_15195192_S1_L001,C23929T
BA_5_omicron_EPI_ISL_15195192_S1_L001,G23948T
BA_5_omicron_EPI_ISL_15195192_S1_L001,A24424T
BA_5_omicron_EPI_ISL_15195192_S1_L001,T24469A
BA_5_omicron_EPI_ISL_15195192_S1_L001,C25000T
BA_5_omicron_EPI_ISL_15195192_S1_L001,C25584T
BA_5_omicron_EPI_ISL_15195192_S1_L001,C26060T
BA_5_omicron_EPI_ISL_15195192_S1_L001,C26270T
BA_5_omicron_EPI_ISL_15195192_S1_L001,G26529A
BA_5_omicron_EPI_ISL_15195192_S1_L001,C26577G
BA_5_omicron_EPI_ISL_15195192_S1_L001,G26709A
BA_5_omicron_EPI_ISL_15195192_S1_L001,C27807T
BA_5_omicron_EPI_ISL_15195192_S1_L001,C27889T
BA_5_omicron_EPI_ISL_15195192_S1_L001,A28271T
BA_5_omicron_EPI_ISL_15195192_S1_L001,C28311T
BA_5_omicron_EPI_ISL_15195192_S1_L001,G28881A
BA_5_omicron_EPI_ISL_15195192_S1_L001,G28882A
BA_5_omicron_EPI_ISL_15195192_S1_L001,G28883C
BA_5_omicron_EPI_ISL_15195192_S1_L001,A29510C
BA_5_omicron_EPI_ISL_15195192_S1_L001,C29614T
BA_5_omicron_EPI_ISL_13883841_S1_L001,C241T
BA_5_omicron_EPI_ISL_13883841_S1_L001,T670G
BA_5_omicron_EPI_ISL_13883841_S1_L001,C1627T
BA_5_omicron_EPI_ISL_13883841_S1_L001,C2790T
BA_5_omicron_EPI_ISL_13883841_S1_L001,C3037T
BA_5_omicron_EPI_ISL_13883841_S1_L001,T3571G
BA_5_omicron_EPI_ISL_13883841_S1_L001,G4184A
BA_5_omicron_EPI_ISL_13883841_S1_L001,C4321T
BA_5_omicron_EPI_ISL_13883841_S1_L001,C5622T
BA_5_omicron_EPI_ISL_13883841_S1_L001,C9344T
BA_5_omicron_EPI_ISL_13883841_S1_L001,A9424G
BA_5_omicron_EPI_ISL_13883841_S1_L001,C9534T
BA_5_omicron_EPI_ISL_13883841_S1_L001,C10029T
BA_5_omicron_EPI_ISL_13883841_S1_L001,C10198T
BA_5_omicron_EPI_ISL_13883841_S1_L001,A10348G
BA_5_omicron_EPI_ISL_13883841_S1_L001,G10447A
BA_5_omicron_EPI_ISL_13883841_S1_L001,C10449A
BA_5_omicron_EPI_ISL_13883841_S1_L001,T11296G
BA_5_omicron_EPI_ISL_13883841_S1_L001,G12160A
BA_5_omicron_EPI_ISL_13883841_S1_L001,C12880T
BA_5_omicron_EPI_ISL_13883841_S1_L001,C14408T
BA_5_omicron_EPI_ISL_13883841_S1_L001,C15714T
BA_5_omicron_EPI_ISL_13883841_S1_L001,C17410T
BA_5_omicron_EPI_ISL_13883841_S1_L001,A18163G
BA_5_omicron_EPI_ISL_13883841_S1_L001,C19955T
BA_5_omicron_EPI_ISL_13883841_S1_L001,A20055G
BA_5_omicron_EPI_ISL_13883841_S1_L001,C21618T
BA_5_omicron_EPI_ISL_13883841_S1_L001,C21648T
BA_5_omicron_EPI_ISL_13883841_S1_L001,G21987A
BA_5_omicron_EPI_ISL_13883841_S1_L001,T22200G
BA_5_omicron_EPI_ISL_13883841_S1_L001,G22578A
BA_5_omicron_EPI_ISL_13883841_S1_L001,C22674T
BA_5_omicron_EPI_ISL_13883841_S1_L001,T22679C
BA_5_omicron_EPI_ISL_13883841_S1_L001,C22686T
BA_5_omicron_EPI_ISL_13883841_S1_L001,A22688G
BA_5_omicron_EPI_ISL_13883841_S1_L001,G22775A
BA_5_omicron_EPI_ISL_13883841_S1_L001,A22786C
BA_5_omicron_EPI_ISL_13883841_S1_L001,G22813T
BA_5_omicron_EPI_ISL_13883841_S1_L001,T22882G
BA_5_omicron_EPI_ISL_13883841_S1_L001,T22917G
BA_5_omicron_EPI_ISL_13883841_S1_L001,A22941G
BA_5_omicron_EPI_ISL_13883841_S1_L001,G22992A
BA_5_omicron_EPI_ISL_13883841_S1_L001,C22995A
BA_5_omicron_EPI_ISL_13883841_S1_L001,A23013C
BA_5_omicron_EPI_ISL_13883841_S1_L001,T23018G
BA_5_omicron_EPI_ISL_13883841_S1_L001,A23055G
BA_5_omicron_EPI_ISL_13883841_S1_L001,A23063T
BA_5_omicron_EPI_ISL_13883841_S1_L001,T23075C
BA_5_omicron_EPI_ISL_13883841_S1_L001,A23403G
BA_5_omicron_EPI_ISL_13883841_S1_L001,C23525T
BA_5_omicron_EPI_ISL_13883841_S1_L001,T23599G
BA_5_omicron_EPI_ISL_13883841_S1_L001,C23604A
BA_5_omicron_EPI_ISL_13883841_S1_L001,C23854A
BA_5_omicron_EPI_ISL_13883841_S1_L001,G23948T
BA_5_omicron_EPI_ISL_13883841_S1_L001,A24424T
BA_5_omicron_EPI_ISL_13883841_S1_L001,T24469A
BA_5_omicron_EPI_ISL_13883841_S1_L001,C25000T
BA_5_omicron_EPI_ISL_13883841_S1_L001,C25584T
BA_5_omicron_EPI_ISL_13883841_S1_L001,C26060T
BA_5_omicron_EPI_ISL_13883841_S1_L001,C26270T
BA_5_omicron_EPI_ISL_13883841_S1_L001,G26529A
BA_5_omicron_EPI_ISL_13883841_S1_L001,C26577G
BA_5_omicron_EPI_ISL_13883841_S1_L001,G26709A
BA_5_omicron_EPI_ISL_13883841_S1_L001,C27807T
BA_5_omicron_EPI_ISL_13883841_S1_L001,C27889T
BA_5_omicron_EPI_ISL_13883841_S1_L001,A28271T
BA_5_omicron_EPI_ISL_13883841_S1_L001,C28311T
BA_5_omicron_EPI_ISL_13883841_S1_L001,A28363T
BA_5_omicron_EPI_ISL_13883841_S1_L001,G28881A
BA_5_omicron_EPI_ISL_13883841_S1_L001,G28882A
BA_5_omicron_EPI_ISL_13883841_S1_L001,G28883C
BA_5_omicron_EPI_ISL_13883841_S1_L001,A29510C
AY_4_delta_EPI_ISL_7826485_S1_L001,G210T
AY_4_delta_EPI_ISL_7826485_S1_L001,C241T
AY_4_delta_EPI_ISL_7826485_S1_L001,A1964G
AY_4_delta_EPI_ISL_7826485_S1_L001,A2786G
AY_4_delta_EPI_ISL_7826485_S1_L001,C3037T
AY_4_delta_EPI_ISL_7826485_S1_L001,G4181T
AY_4_delta_EPI_ISL_7826485_S1_L001,C6402T
AY_4_delta_EPI_ISL_7826485_S1_L001,C7124T
AY_4_delta_EPI_ISL_7826485_S1_L001,C7851T
AY_4_delta_EPI_ISL_7826485_S1_L001,C8986T
AY_4_delta_EPI_ISL_7826485_S1_L001,G9053T
AY_4_delta_EPI_ISL_7826485_S1_L001,C10029T
AY_4_delta_EPI_ISL_7826485_S1_L001,A11201G
AY_4_delta_EPI_ISL_7826485_S1_L001,A11332G
AY_4_delta_EPI_ISL_7826485_S1_L001,C14408T
AY_4_delta_EPI_ISL_7826485_S1_L001,G15451A
AY_4_delta_EPI_ISL_7826485_S1_L001,C16466T
AY_4_delta_EPI_ISL_7826485_S1_L001,G18997A
AY_4_delta_EPI_ISL_7826485_S1_L001,C19220T
AY_4_delta_EPI_ISL_7826485_S1_L001,C21618G
AY_4_delta_EPI_ISL_7826485_S1_L001,C21846T
AY_4_delta_EPI_ISL_7826485_S1_L001,G21987A
AY_4_delta_EPI_ISL_7826485_S1_L001,T22917G
AY_4_delta_EPI_ISL_7826485_S1_L001,C22995A
AY_4_delta_EPI_ISL_7826485_S1_L001,A23403G
AY_4_delta_EPI_ISL_7826485_S1_L001,C23604G
AY_4_delta_EPI_ISL_7826485_S1_L001,C23758T
AY_4_delta_EPI_ISL_7826485_S1_L001,G24410A
AY_4_delta_EPI_ISL_7826485_S1_L001,C25469T
AY_4_delta_EPI_ISL_7826485_S1_L001,T25959C
AY_4_delta_EPI_ISL_7826485_S1_L001,T26767C
AY_4_delta_EPI_ISL_7826485_S1_L001,T27638C
AY_4_delta_EPI_ISL_7826485_S1_L001,C27752T
AY_4_delta_EPI_ISL_7826485_S1_L001,C27874T
AY_4_delta_EPI_ISL_7826485_S1_L001,T27988C
AY_4_delta_EPI_ISL_7826485_S1_L001,A28461G
AY_4_delta_EPI_ISL_7826485_S1_L001,G28881T
AY_4_delta_EPI_ISL_7826485_S1_L001,G28916T
AY_4_delta_EPI_ISL_7826485_S1_L001,G29081T
AY_4_delta_EPI_ISL_7826485_S1_L001,G29402T
AY_4_delta_EPI_ISL_7826485_S1_L001,G29742T
XBB_omicron_EPI_ISL_15465135_S1_L001,C241T
XBB_omicron_EPI_ISL_15465135_S1_L001,A405G
XBB_omicron_EPI_ISL_15465135_S1_L001,G510A
XBB_omicron_EPI_ISL_15465135_S1_L001,T670G
XBB_omicron_EPI_ISL_15465135_S1_L001,C2790T
XBB_omicron_EPI_ISL_15465135_S1_L001,C3037T
XBB_omicron_EPI_ISL_15465135_S1_L001,G4184A
XBB_omicron_EPI_ISL_15465135_S1_L001,C4321T
XBB_omicron_EPI_ISL_15465135_S1_L001,G5518A
XBB_omicron_EPI_ISL_15465135_S1_L001,C9344T
XBB_omicron_EPI_ISL_15465135_S1_L001,A9424G
XBB_omicron_EPI_ISL_15465135_S1_L001,C9534T
XBB_omicron_EPI_ISL_15465135_S1_L001,C9866T
XBB_omicron_EPI_ISL_15465135_S1_L001,C10029T
XBB_omicron_EPI_ISL_15465135_S1_L001,C10198T
XBB_omicron_EPI_ISL_15465135_S1_L001,G10447A
XBB_omicron_EPI_ISL_15465135_S1_L001,C10449A
XBB_omicron_EPI_ISL_15465135_S1_L001,T11296G
XBB_omicron_EPI_ISL_15465135_S1_L001,C12880T
XBB_omicron_EPI_ISL_15465135_S1_L001,C14408T
XBB_omicron_EPI_ISL_15465135_S1_L001,G15451A
XBB_omicron_EPI_ISL_15465135_S1_L001,C15714T
XBB_omicron_EPI_ISL_15465135_S1_L001,C15738T
XBB_omicron_EPI_ISL_15465135_S1_L001,T15939C
XBB_omicron_EPI_ISL_15465135_S1_L001,T16342C
XBB_omicron_EPI_ISL_15465135_S1_L001,C17410T
XBB_omicron_EPI_ISL_15465135_S1_L001,T17859C
XBB_omicron_EPI_ISL_15465135_S1_L001,A18163G
XBB_omicron_EPI_ISL_15465135_S1_L001,A19326G
XBB_omicron_EPI_ISL_15465135_S1_L001,C19955T
XBB_omicron_EPI_ISL_15465135_S1_L001,A20055G
XBB_omicron_EPI_ISL_15465135_S1_L001,C21618T
XBB_omicron_EPI_ISL_15465135_S1_L001,T21810C
XBB_omicron_EPI_ISL_15465135_S1_L001,G21987A
XBB_omicron_EPI_ISL_15465135_S1_L001,C22000A
XBB_omicron_EPI_ISL_15465135_S1_L001,C22109G
XBB_omicron_EPI_ISL_15465135_S1_L001,G22577C
XBB_omicron_EPI_ISL_15465135_S1_L001,G22578A
XBB_omicron_EPI_ISL_15465135_S1_L001,G22599C
XBB_omicron_EPI_ISL_15465135_S1_L001,C22664A
XBB_omicron_EPI_ISL_15465135_S1_L001,C22674T
XBB_omicron_EPI_ISL_15465135_S1_L001,T22679C
XBB_omicron_EPI_ISL_15465135_S1_L001,C22686T
XBB_omicron_EPI_ISL_15465135_S1_L001,A22688G
XBB_omicron_EPI_ISL_15465135_S1_L001,G22775A
XBB_omicron_EPI_ISL_15465135_S1_L001,A22786C
XBB_omicron_EPI_ISL_15465135_S1_L001,G22813T
XBB_omicron_EPI_ISL_15465135_S1_L001,T22882G
XBB_omicron_EPI_ISL_15465135_S1_L001,G22895C
XBB_omicron_EPI_ISL_15465135_S1_L001,T22896C
XBB_omicron_EPI_ISL_15465135_S1_L001,G22898A
XBB_omicron_EPI_ISL_15465135_S1_L001,T22942G
XBB_omicron_EPI_ISL_15465135_S1_L001,G22992A
XBB_omicron_EPI_ISL_15465135_S1_L001,C22995A
XBB_omicron_EPI_ISL_15465135_S1_L001,A23013C
XBB_omicron_EPI_ISL_15465135_S1_L001,T23019C
XBB_omicron_EPI_ISL_15465135_S1_L001,T23031C
XBB_omicron_EPI_ISL_15465135_S1_L001,A23055G
XBB_omicron_EPI_ISL_15465135_S1_L001,A23063T
XBB_omicron_EPI_ISL_15465135_S1_L001,T23075C
XBB_omicron_EPI_ISL_15465135_S1_L001,A23403G
XBB_omicron_EPI_ISL_15465135_S1_L001,C23525T
XBB_omicron_EPI_ISL_15465135_S1_L001,T23599G
XBB_omicron_EPI_ISL_15465135_S1_L001,C23604A
XBB_omicron_EPI_ISL_15465135_S1_L001,C23854A
XBB_omicron_EPI_ISL_15465135_S1_L001,G23948T
XBB_omicron_EPI_ISL_15465135_S1_L001,A24424T
XBB_omicron_EPI_ISL_15465135_S1_L001,T24469A
XBB_omicron_EPI_ISL_15465135_S1_L001,C25000T
XBB_omicron_EPI_ISL_15465135_S1_L001,C25416T
XBB_omicron_EPI_ISL_15465135_S1_L001,C25584T
XBB_omicron_EPI_ISL_15465135_S1_L001,C26060T
XBB_omicron_EPI_ISL_15465135_S1_L001,C26270T
XBB_omicron_EPI_ISL_15465135_S1_L001,A26275G
XBB_omicron_EPI_ISL_15465135_S1_L001,C26577G
XBB_omicron_EPI_ISL_15465135_S1_L001,G26709A
XBB_omicron_EPI_ISL_15465135_S1_L001,C26858T
XBB_omicron_EPI_ISL_15465135_S1_L001,A27259C
XBB_omicron_EPI_ISL_15465135_S1_L001,G27382C
XBB_omicron_EPI_ISL_15465135_S1_L001,A27383T
XBB_omicron_EPI_ISL_15465135_S1_L001,T27384C
XBB_omicron_EPI_ISL_15465135_S1_L001,C27807T
XBB_omicron_EPI_ISL_15465135_S1_L001,A28271T
XBB_omicron_EPI_ISL_15465135_S1_L001,C28311T
XBB_omicron_EPI_ISL_15465135_S1_L001,A28363T
XBB_omicron_EPI_ISL_15465135_S1_L001,G28881A
XBB_omicron_EPI_ISL_15465135_S1_L001,G28882A
XBB_omicron_EPI_ISL_15465135_S1_L001,G28883C
XBB_omicron_EPI_ISL_15465135_S1_L001,A29510C
B_1_EPI_ISL_15742978_S1_L001,C241T
B_1_EPI_ISL_15742978_S1_L001,A405G
B_1_EPI_ISL_15742978_S1_L001,G510A
B_1_EPI_ISL_15742978_S1_L001,T670G
B_1_EPI_ISL_15742978_S1_L001,C2790T
B_1_EPI_ISL_15742978_S1_L001,C3037T
B_1_EPI_ISL_15742978_S1_L001,G4184A
B_1_EPI_ISL_15742978_S1_L001,C4321T
B_1_EPI_ISL_15742978_S1_L001,G5518A
B_1_EPI_ISL_15742978_S1_L001,C9344T
B_1_EPI_ISL_15742978_S1_L001,A9424G
B_1_EPI_ISL_15742978_S1_L001,C9534T
B_1_EPI_ISL_15742978_S1_L001,C9866T
B_1_EPI_ISL_15742978_S1_L001,C10029T
B_1_EPI_ISL_15742978_S1_L001,C10198T
B_1_EPI_ISL_15742978_S1_L001,G10447A
B_1_EPI_ISL_15742978_S1_L001,C10449A
B_1_EPI_ISL_15742978_S1_L001,C12880T
B_1_EPI_ISL_15742978_S1_L001,C14408T
B_1_EPI_ISL_15742978_S1_L001,G15451A
B_1_EPI_ISL_15742978_S1_L001,C15714T
B_1_EPI_ISL_15742978_S1_L001,C15738T
B_1_EPI_ISL_15742978_S1_L001,T15939C
B_1_EPI_ISL_15742978_S1_L001,T16050C
B_1_EPI_ISL_15742978_S1_L001,T16342C
B_1_EPI_ISL_15742978_S1_L001,C17410T
B_1_EPI_ISL_15742978_S1_L001,T17859C
B_1_EPI_ISL_15742978_S1_L001,A18163G
B_1_EPI_ISL_15742978_S1_L001,A19326G
B_1_EPI_ISL_15742978_S1_L001,C19955T
B_1_EPI_ISL_15742978_S1_L001,A20055G
B_1_EPI_ISL_15742978_S1_L001,C21618T
B_1_EPI_ISL_15742978_S1_L001,T21810C
B_1_EPI_ISL_15742978_S1_L001,G21987A
B_1_EPI_ISL_15742978_S1_L001,C22000A
B_1_EPI_ISL_15742978_S1_L001,C22109G
B_1_EPI_ISL_15742978_S1_L001,T22200A
B_1_EPI_ISL_15742978_S1_L001,G22577C
B_1_EPI_ISL_15742978_S1_L001,G22578A
B_1_EPI_ISL_15742978_S1_L001,G22599C
B_1_EPI_ISL_15742978_S1_L001,C22664A
B_1_EPI_ISL_15742978_S1_L001,C22674T
B_1_EPI_ISL_15742978_S1_L001,T22679C
B_1_EPI_ISL_15742978_S1_L001,C22686T
B_1_EPI_ISL_15742978_S1_L001,A22688G
B_1_EPI_ISL_15742978_S1_L001,G22775A
B_1_EPI_ISL_15742978_S1_L001,A22786C
B_1_EPI_ISL_15742978_S1_L001,G22813T
B_1_EPI_ISL_15742978_S1_L001,T22882G
B_1_EPI_ISL_15742978_S1_L001,G22895C
B_1_EPI_ISL_15742978_S1_L001,T22896C
B_1_EPI_ISL_15742978_S1_L001,G22898A
B_1_EPI_ISL_15742978_S1_L001,T22942G
B_1_EPI_ISL_15742978_S1_L001,G22992A
B_1_EPI_ISL_15742978_S1_L001,C22995A
B_1_EPI_ISL_15742978_S1_L001,A23013C
B_1_EPI_ISL_15742978_S1_L001,T23019C
B_1_EPI_ISL_15742978_S1_L001,T23031C
B_1_EPI_ISL_15742978_S1_L001,A23055G
B_1_EPI_ISL_15742978_S1_L001,A23063T
B_1_EPI_ISL_15742978_S1_L001,T23075C
B_1_EPI_ISL_15742978_S1_L001,A23403G
B_1_EPI_ISL_15742978_S1_L001,C23525T
B_1_EPI_ISL_15742978_S1_L001,T23599G
B_1_EPI_ISL_15742978_S1_L001,C23604A
B_1_EPI_ISL_15742978_S1_L001,C23854A
B_1_EPI_ISL_15742978_S1_L001,G23948T
B_1_EPI_ISL_15742978_S1_L001,A24424T
B_1_EPI_ISL_15742978_S1_L001,T24469A
B_1_EPI_ISL_15742978_S1_L001,C25000T
B_1_EPI_ISL_15742978_S1_L001,C25416T
B_1_EPI_ISL_15742978_S1_L001,C25584T
B_1_EPI_ISL_15742978_S1_L001,C26060T
B_1_EPI_ISL_15742978_S1_L001,C26270T
B_1_EPI_ISL_15742978_S1_L001,A26275G
B_1_EPI_ISL_15742978_S1_L001,C26577G
B_1_EPI_ISL_15742978_S1_L001,G26709A
B_1_EPI_ISL_15742978_S1_L001,C26858T
B_1_EPI_ISL_15742978_S1_L001,A27259C
B_1_EPI_ISL_15742978_S1_L001,G27382C
B_1_EPI_ISL_15742978_S1_L001,A27383T
B_1_EPI_ISL_15742978_S1_L001,T27384C
B_1_EPI_ISL_15742978_S1_L001,C27807T
B_1_EPI_ISL_15742978_S1_L001,A28271T
B_1_EPI_ISL_15742978_S1_L001,C28311T
B_1_EPI_ISL_15742978_S1_L001,G28881A
B_1_EPI_ISL_15742978_S1_L001,G28882A
B_1_EPI_ISL_15742978_S1_L001,G28883C
B_1_EPI_ISL_15742978_S1_L001,A29510C
B_1_640_1_EPI_ISL_6316495_S1_L001,C241T
B_1_640_1_EPI_ISL_6316495_S1_L001,C601T
B_1_640_1_EPI_ISL_6316495_S1_L001,C1191T
B_1_640_1_EPI_ISL_6316495_S1_L001,A1620G
B_1_640_1_EPI_ISL_6316495_S1_L001,C2416T
B_1_640_1_EPI_ISL_6316495_S1_L001,C2455T
B_1_640_1_EPI_ISL_6316495_S1_L001,C3037T
B_1_640_1_EPI_ISL_6316495_S1_L001,G6622T
B_1_640_1_EPI_ISL_6316495_S1_L001,G7328T
B_1_640_1_EPI_ISL_6316495_S1_L001,C9711T
B_1_640_1_EPI_ISL_6316495_S1_L001,G9756A
B_1_640_1_EPI_ISL_6316495_S1_L001,C10029T
B_1_640_1_EPI_ISL_6316495_S1_L001,T11418C
B_1_640_1_EPI_ISL_6316495_S1_L001,C11956T
B_1_640_1_EPI_ISL_6316495_S1_L001,C14408T
B_1_640_1_EPI_ISL_6316495_S1_L001,C16575T
B_1_640_1_EPI_ISL_6316495_S1_L001,C16869T
B_1_640_1_EPI_ISL_6316495_S1_L001,C20283T
B_1_640_1_EPI_ISL_6316495_S1_L001,C21588T
B_1_640_1_EPI_ISL_6316495_S1_L001,G21848C
B_1_640_1_EPI_ISL_6316495_S1_L001,A21993T
B_1_640_1_EPI_ISL_6316495_S1_L001,G22132T
B_1_640_1_EPI_ISL_6316495_S1_L001,T22191C
B_1_640_1_EPI_ISL_6316495_S1_L001,A22600C
B_1_640_1_EPI_ISL_6316495_S1_L001,A22743G
B_1_640_1_EPI_ISL_6316495_S1_L001,T22907A
B_1_640_1_EPI_ISL_6316495_S1_L001,T23030C
B_1_640_1_EPI_ISL_6316495_S1_L001,T23031G
B_1_640_1_EPI_ISL_6316495_S1_L001,A23063T
B_1_640_1_EPI_ISL_6316495_S1_L001,A23403G
B_1_640_1_EPI_ISL_6316495_S1_L001,C23604A
B_1_640_1_EPI_ISL_6316495_S1_L001,C24138A
B_1_640_1_EPI_ISL_6316495_S1_L001,G24368C
B_1_640_1_EPI_ISL_6316495_S1_L001,C25487T
B_1_640_1_EPI_ISL_6316495_S1_L001,G25563T
B_1_640_1_EPI_ISL_6316495_S1_L001,A26492T
B_1_640_1_EPI_ISL_6316495_S1_L001,T26767C
B_1_640_1_EPI_ISL_6316495_S1_L001,A27086T
B_1_640_1_EPI_ISL_6316495_S1_L001,C27513T
B_1_640_1_EPI_ISL_6316495_S1_L001,C27807T
B_1_640_1_EPI_ISL_6316495_S1_L001,C27972T
B_1_640_1_EPI_ISL_6316495_S1_L001,T28297C
B_1_640_1_EPI_ISL_6316495_S1_L001,G28337T
B_1_640_1_EPI_ISL_6316495_S1_L001,C28887T
B_1_640_1_EPI_ISL_6316495_S1_L001,A29088T
B_1_640_1_EPI_ISL_6316495_S1_L001,T29377C
B_1_640_1_EPI_ISL_6316495_S1_L001,G29405C
B_1_640_1_EPI_ISL_6316495_S1_L001,G29742T
B_1_640_1_EPI_ISL_6316495_S1_L001,T29758G
B_1_640_1_EPI_ISL_6316495_S1_L001,G29779T
AY_39_1_delta_EPI_ISL_7825964_S1_L001,G210T
AY_39_1_delta_EPI_ISL_7825964_S1_L001,C241T
AY_39_1_delta_EPI_ISL_7825964_S1_L001,C2232T
AY_39_1_delta_EPI_ISL_7825964_S1_L001,C3037T
AY_39_1_delta_EPI_ISL_7825964_S1_L001,C3096T
AY_39_1_delta_EPI_ISL_7825964_S1_L001,G4181T
AY_39_1_delta_EPI_ISL_7825964_S1_L001,C6402T
AY_39_1_delta_EPI_ISL_7825964_S1_L001,C7124T
AY_39_1_delta_EPI_ISL_7825964_S1_L001,C8986T
AY_39_1_delta_EPI_ISL_7825964_S1_L001,G9053T
AY_39_1_delta_EPI_ISL_7825964_S1_L001,C10029T
AY_39_1_delta_EPI_ISL_7825964_S1_L001,A11201G
AY_39_1_delta_EPI_ISL_7825964_S1_L001,A11332G
AY_39_1_delta_EPI_ISL_7825964_S1_L001,A13482G
AY_39_1_delta_EPI_ISL_7825964_S1_L001,C14408T
AY_39_1_delta_EPI_ISL_7825964_S1_L001,G15451A
AY_39_1_delta_EPI_ISL_7825964_S1_L001,C16466T
AY_39_1_delta_EPI_ISL_7825964_S1_L001,C19220T
AY_39_1_delta_EPI_ISL_7825964_S1_L001,G21372T
AY_39_1_delta_EPI_ISL_7825964_S1_L001,C21618G
AY_39_1_delta_EPI_ISL_7825964_S1_L001,C21846T
AY_39_1_delta_EPI_ISL_7825964_S1_L001,G21987A
AY_39_1_delta_EPI_ISL_7825964_S1_L001,T22917G
AY_39_1_delta_EPI_ISL_7825964_S1_L001,C22995A
AY_39_1_delta_EPI_ISL_7825964_S1_L001,A23403G
AY_39_1_delta_EPI_ISL_7825964_S1_L001,C23604G
AY_39_1_delta_EPI_ISL_7825964_S1_L001,G24410A
AY_39_1_delta_EPI_ISL_7825964_S1_L001,C25469T
AY_39_1_delta_EPI_ISL_7825964_S1_L001,T26187C
AY_39_1_delta_EPI_ISL_7825964_S1_L001,T26767C
AY_39_1_delta_EPI_ISL_7825964_S1_L001,C27752T
AY_39_1_delta_EPI_ISL_7825964_S1_L001,C27874T
AY_39_1_delta_EPI_ISL_7825964_S1_L001,T28297C
AY_39_1_delta_EPI_ISL_7825964_S1_L001,A28461G
AY_39_1_delta_EPI_ISL_7825964_S1_L001,C28725T
AY_39_1_delta_EPI_ISL_7825964_S1_L001,G28881T
AY_39_1_delta_EPI_ISL_7825964_S1_L001,G28916T
AY_39_1_delta_EPI_ISL_7825964_S1_L001,T28921C
AY_39_1_delta_EPI_ISL_7825964_S1_L001,G29402T
AY_39_1_delta_EPI_ISL_7825964_S1_L001,G29742T
